nonhsat113149.2,l0,5
nonhsat036719.2,l1,5
nonhsat090262.2,l2,5
nonhsat130413.2,l3,5
nonhsat034251.2,l4,5
nonhsat140592.2,l5,5
nonhsat070566.2,l6,5
nonhsat018491.2,l7,5
nonhsat077943.2,l8,5
nonhsat016550.2,l9,5
nonhsat081948.2,l10,5
nonhsat147661.2,l11,5
nonhsat129114.2,l12,5
nonhsat142608.2,l13,5
nonhsat096369.2,l14,5
nonhsat083315.2,l15,5
nonhsat007597.2,l16,5
nonhsat082220.2,l17,5
nonhsat103210.2,l18,5
nonhsat090016.2,l19,5
nonhsat007662.2,l20,5
nonhsat101071.2,l21,5
nonhsat017460.2,l22,5
nonhsat080828.2,l23,5
nonhsat080827.2,l24,5
nonhsat108768.2,l25,5
nonhsat037272.2,l26,5
nonhsat037276.2,l27,5
nonhsat009623.2,l28,5
nonhsat031258.2,l29,5
nonhsat028507.2,l30,5
nonhsat119716.2,l31,5
nonhsat107640.2,l32,5
nonhsat017485.2,l33,5
nonhsat041063.2,l34,5
nonhsat017531.2,l35,5
nonhsat017523.2,l36,5
nonhsat130612.2,l37,5
nonhsat115084.2,l38,5
nonhsat135070.2,l39,5
nonmmut028986.2,l40,5
nonhsat091313.2,l41,5
nonhsat022132.2,l42,5
nonhsat039734.2,l43,5
nonhsat084508.2,l44,5
nonhsat034665.2,l45,5
nonhsat060641.2,l46,5
nonhsat056041.2,l47,5
nonhsat022109.2,l48,5
nonhsat134764.2,l49,5
nonhsat131963.2,l50,5
nonhsat129012.2,l51,5
nonhsat076153.2,l52,5
nonhsat090482.2,l53,5
nonhsat001380.2,l54,5
nonhsat108735.2,l55,5
nonhsat130775.2,l56,5
nonhsat129050.2,l57,5
nonhsat030089.2,l58,5
nonhsat079672.2,l59,5
nonhsat001952.2,l60,5
nonhsat104072.2,l61,5
nonhsat054526.2,l62,5
nonhsat093465.2,l63,5
nonhsat112463.2,l64,5
nonhsat093153.2,l65,5
nonhsat060692.2,l66,5
nonhsat084824.2,l67,5
nonhsat040966.2,l68,5
nonhsat061515.2,l69,5
nonhsat018659.2,l70,5
nonhsat137541.2,l71,5
nonhsat129252.2,l72,5
nonhsat080205.2,l73,5
nonhsat003601.2,l74,5
nonhsat059436.2,l75,5
nonhsat119702.2,l76,5
nonhsat119664.2,l77,5
nonhsat053760.2,l78,5
nonhsat069465.2,l79,5
nonhsat137566.2,l80,5
nonhsat074772.2,l81,5
nonhsat135575.2,l82,5
nonhsat081601.2,l83,5
nonhsat108289.2,l84,5
nonhsat130962.2,l85,5
nonhsat033563.2,l86,5
nonhsat032284.2,l87,5
nonhsat016940.2,l88,5
nonhsat058607.2,l89,5
nonhsat091315.2,l90,5
nonhsat125827.2,l91,5
nonhsat006498.2,l92,5
nonhsat097743.2,l93,5
nonhsat035060.2,l94,5
nonhsat144204.2,l95,5
nonhsat028530.2,l96,5
nonhsat144855.2,l97,5
nonhsat127048.2,l98,5
nonhsat021824.2,l99,5
nonhsat039468.2,l100,5
nonhsat139680.2,l101,5
nonhsat013077.2,l102,5
nonhsat017939.2,l103,5
nonhsat008851.2,l104,5
nonhsat078992.2,l105,5
nonhsat127310.2,l106,5
nonhsat079510.2,l107,5
nonhsat126196.2,l108,5
nonhsat048149.2,l109,5
nonhsat029953.2,l110,5
nonhsat096158.2,l111,5
nonhsat115433.2,l112,5
nonhsat054180.2,l113,5
nonhsat072511.2,l114,5
nonhsat108668.2,l115,5
nonhsat129028.2,l116,5
nonhsat068133.2,l117,5
nonhsat120414.2,l118,5
nonhsat108575.2,l119,5
nonhsat116016.2,l120,5
nonhsat010274.2,l121,5
nonhsat050162.2,l122,5
nonhsat102882.2,l123,5
nonhsat137581.2,l124,5
nonhsat057124.2,l125,5
nonhsat083652.2,l126,5
nonhsat094437.2,l127,5
nonhsat138621.2,l128,5
nonhsat138635.2,l129,5
nonhsat091073.2,l130,5
nonhsat010932.2,l131,5
nonhsat011614.2,l132,5
nonhsat055670.2,l133,5
nonhsat052554.2,l134,5
nonhsat123027.2,l135,5
nonmmut056946.2,l136,5
nonhsat128251.2,l137,5
nonhsat091056.2,l138,5
nonhsat007475.2,l139,5
nonhsat241011.1,l140,5
nonhsat074809.2,l141,5
nonhsat121995.2,l142,5
nonhsat137539.2,l143,5
nonhsat113493.2,l144,5
nonhsat144192.2,l145,5
nonhsat065156.2,l146,5
nonhsat124456.2,l147,5
nonhsat032432.2,l148,5
nonhsat029625.2,l149,5
nonhsat083172.2,l150,5
nonhsat030757.2,l151,5
nonhsat001967.2,l152,5
nonhsat093889.2,l153,5
nonhsat081887.2,l154,5
nonhsat090177.2,l155,5
nonhsat131056.2,l156,5
nonhsat071252.2,l157,5
nonhsat135333.2,l158,5
nonhsat119669.2,l159,5
nonhsat000493.2,l160,5
nonhsat047172.2,l161,5
nonhsat082419.2,l162,5
nonhsat053777.2,l163,5
nonhsat087635.2,l164,5
nonhsat073778.2,l165,5
nonhsat102951.2,l166,5
nonhsat164150.1,l167,5
nonhsat099184.2,l168,5
nonhsat079907.2,l169,5
nonhsat007723.2,l170,5
nonhsat080929.2,l171,5
nonhsat119682.2,l172,5
nonmmut067013.2,l173,5
nonhsat091300.2,l174,5
nonhsat138946.2,l175,5
nonhsat053635.2,l176,5
nonhsat141667.2,l177,5
nonhsat142695.2,l178,5
nonhsat010185.2,l179,5
nonhsat136839.2,l180,5
nonhsat054408.2,l181,5
nonhsat065921.2,l182,5
nonhsat009289.2,l183,5
nonhsat035380.2,l184,5
nonhsat102745.2,l185,5
nonhsat036413.2,l186,5
nonhsat090275.2,l187,5
nonhsat130416.2,l188,5
nonhsat138911.2,l189,5
nonhsat024403.2,l190,5
nonhsat131776.2,l191,5
nonhsat140597.2,l192,5
nonhsat018496.2,l193,5
nonhsat077946.2,l194,5
nonhsat016554.2,l195,5
nonhsat081949.2,l196,5
nonhsat129116.2,l197,5
nonhsat083310.2,l198,5
nonhsat033858.2,l199,5
nonhsat033796.2,l200,5
nonhsat082224.2,l201,5
nonhsat103215.2,l202,5
nonhsat090017.2,l203,5
nonhsat101331.2,l204,5
nonhsat007671.2,l205,5
nonhsat101073.2,l206,5
nonhsat017462.2,l207,5
nonhsat080830.2,l208,5
nonhsat108774.2,l209,5
nonhsat037281.2,l210,5
nonhsat031257.2,l211,5
nonhsat028514.2,l212,5
nonhsat107641.2,l213,5
nonhsat029281.2,l214,5
nonhsat017487.2,l215,5
nonhsat017526.2,l216,5
nonhsat115090.2,l217,5
nonhsat099793.2,l218,5
nonhsat113098.2,l219,5
nonhsat091314.2,l220,5
nonhsat091310.2,l221,5
nonhsat022126.2,l222,5
nonhsat039742.2,l223,5
nonhsat123347.2,l224,5
nonhsat084512.2,l225,5
nonhsat024777.2,l226,5
nonhsat081500.2,l227,5
nonhsat034667.2,l228,5
nonhsat130389.2,l229,5
nonhsat069301.2,l230,5
nonhsat000923.2,l231,5
nonhsat047148.2,l232,5
nonhsat129015.2,l233,5
nonhsat090483.2,l234,5
nonhsat011776.2,l235,5
nonhsat108734.2,l236,5
nonhsat129049.2,l237,5
nonhsat030096.2,l238,5
nonhsat079678.2,l239,5
nonhsat056045.2,l240,5
nonhsat001955.2,l241,5
nonhsat104079.2,l242,5
nonhsat113856.2,l243,5
nonhsat093469.2,l244,5
nonhsat039473.2,l245,5
nonhsat112474.2,l246,5
nonhsat031707.2,l247,5
nonhsat084827.2,l248,5
nonhsat033504.2,l249,5
nonhsat061519.2,l250,5
nonhsat096160.2,l251,5
nonhsat018662.2,l252,5
nonhsat137550.2,l253,5
nonhsat009445.2,l254,5
nonhsat080206.2,l255,5
nonhsat080208.2,l256,5
nonhsat112464.2,l257,5
nonhsat112475.2,l258,5
nonhsat112472.2,l259,5
nonhsat030947.2,l260,5
nonhsat030944.2,l261,5
nonhsat167030.1,l262,5
nonhsat167029.1,l263,5
nonhsat167026.1,l264,5
nonhsat034587.2,l265,5
nonhsat034588.2,l266,5
nonhsat011260.2,l267,5
nonhsat005570.2,l268,5
nonhsat191992.1,l269,5
nonhsat120518.2,l270,5
nonhsat113296.2,l271,5
nonhsat113295.2,l272,5
nonhsat033804.2,l273,5
nonhsat033805.2,l274,5
nonhsat033787.2,l275,5
nonhsat033798.2,l276,5
nonhsat166766.1,l277,5
nonhsat033793.2,l278,5
nonhsat166768.1,l279,5
nonhsat033795.2,l280,5
nonhsat096375.2,l281,5
nonhsat096376.2,l282,5
nonhsat198591.1,l283,5
nonhsat028509.2,l284,5
nonhsat028510.2,l285,5
nonhsat028513.2,l286,5
nonhsat039783.2,l287,5
nonhsat039762.2,l288,5
nonhsat039754.2,l289,5
nonhsat039767.2,l290,5
nonhsat039756.2,l291,5
nonhsat039755.2,l292,5
nonhsat039772.2,l293,5
nonhsat039764.2,l294,5
nonhsat039757.2,l295,5
nonhsat039738.2,l296,5
nonhsat039745.2,l297,5
nonhsat039775.2,l298,5
nonhsat039763.2,l299,5
nonhsat039748.2,l300,5
nonhsat039746.2,l301,5
nonhsat039784.2,l302,5
nonhsat039761.2,l303,5
nonhsat039744.2,l304,5
nonhsat039774.2,l305,5
nonhsat039747.2,l306,5
nonhsat039771.2,l307,5
nonhsat023656.2,l308,5
nonhsat039802.2,l309,5
nonhsat039813.2,l310,5
nonhsat039832.2,l311,5
nonhsat039835.2,l312,5
nonhsat039877.2,l313,5
nonhsat039815.2,l314,5
nonhsat039853.2,l315,5
nonhsat039875.2,l316,5
nonhsat039809.2,l317,5
nonhsat039812.2,l318,5
nonhsat039834.2,l319,5
nonhsat039855.2,l320,5
nonhsat039854.2,l321,5
nonhsat039869.2,l322,5
nonhsat138007.2,l323,5
nonhsat137988.2,l324,5
nonhsat137991.2,l325,5
nonhsat137987.2,l326,5
nonhsat188881.1,l327,5
nonhsat080209.2,l328,5
nonhsat080207.2,l329,5
nonhsat080210.2,l330,5
nonhsat188883.1,l331,5
nonhsat080212.2,l332,5
nonhsat188880.1,l333,5
nonhsat040286.2,l334,5
nonhsat209380.1,l335,5
nonhsat113857.2,l336,5
nonhsat113854.2,l337,5
nonhsat113865.2,l338,5
nonhsat113849.2,l339,5
nonhsat113860.2,l340,5
nonhsat113861.2,l341,5
nonhsat209391.1,l342,5
nonhsat209382.1,l343,5
nonhsat113851.2,l344,5
nonhsat113866.2,l345,5
nonhsat209381.1,l346,5
nonhsat113863.2,l347,5
nonhsat209384.1,l348,5
nonhsat209388.1,l349,5
nonhsat113862.2,l350,5
nonhsat209387.1,l351,5
nonhsat209392.1,l352,5
nonhsat209379.1,l353,5
nonhsat209386.1,l354,5
nonhsat135582.2,l355,5
nonhsat135580.2,l356,5
nonhsat135577.2,l357,5
nonhsat021830.2,l358,5
nonhsat021831.2,l359,5
nonhsat021834.2,l360,5
nonhsat021851.2,l361,5
nonhsat021846.2,l362,5
nonhsat021827.2,l363,5
nonhsat021836.2,l364,5
nonhsat021854.2,l365,5
nonhsat021828.2,l366,5
nonhsat021835.2,l367,5
nonhsat021839.2,l368,5
nonhsat021840.2,l369,5
nonhsat021841.2,l370,5
nonhsat021844.2,l371,5
nonhsat021853.2,l372,5
nonhsat021847.2,l373,5
nonhsat021848.2,l374,5
nonhsat021856.2,l375,5
nonhsat021825.2,l376,5
nonhsat021832.2,l377,5
nonhsat021837.2,l378,5
nonhsat097975.2,l379,5
nonhsat097973.2,l380,5
nonhsat097974.2,l381,5
nonhsat097972.2,l382,5
nonhsat097976.2,l383,5
nonhsat159248.1,l384,5
nonhsat159252.1,l385,5
nonhsat159243.1,l386,5
nonhsat159254.1,l387,5
nonhsat159246.1,l388,5
nonhsat022125.2,l389,5
nonhsat159244.1,l390,5
nonhsat159242.1,l391,5
nonhsat022145.2,l392,5
nonhsat119666.2,l393,5
nonhsat253213.1,l394,5
nonhsat119665.2,l395,5
nonhsat119667.2,l396,5
nonhsat137542.2,l397,5
nonhsat137558.2,l398,5
nonhsat137559.2,l399,5
nonhsat084513.2,l400,5
nonhsat084517.2,l401,5
nonhsat084527.2,l402,5
nonhsat147216.2,l403,5
nonhsat084511.2,l404,5
nonhsat192178.1,l405,5
nonhsat084509.2,l406,5
nonhsat192180.1,l407,5
nonhsat192181.1,l408,5
nonhsat084518.2,l409,5
nonhsat192179.1,l410,5
nonhsat084529.2,l411,5
nonhsat084528.2,l412,5
nonhsat084510.2,l413,5
nonhsat084526.2,l414,5
nonhsat084515.2,l415,5
nonhsat084516.2,l416,5
nonhsat147217.2,l417,5
nonhsat116709.2,l418,5
nonhsat116708.2,l419,5
nonhsat117705.2,l420,5
nonhsat108775.2,l421,5
nonhsat118399.2,l422,5
nonhsat118398.2,l423,5
nonhsat026096.2,l424,5
nonhsat124553.2,l425,5
nonhsat124557.2,l426,5
nonhsat124554.2,l427,5
nonhsat124555.2,l428,5
nonhsat113315.2,l429,5
nonhsat113313.2,l430,5
nonhsat113314.2,l431,5
nonhsat113312.2,l432,5
nonhsat017468.2,l433,5
nonhsat017465.2,l434,5
nonhsat017463.2,l435,5
nonhsat017472.2,l436,5
nonhsat017464.2,l437,5
nonhsat017469.2,l438,5
nonhsat017473.2,l439,5
nonhsat017467.2,l440,5
nonhsat017470.2,l441,5
nonhsat017474.2,l442,5
nonhsat017471.2,l443,5
nonhsat001465.2,l444,5
nonhsat001468.2,l445,5
nonhsat001461.2,l446,5
nonhsat001464.2,l447,5
nonhsat129056.2,l448,5
nonhsat129060.2,l449,5
nonhsat129052.2,l450,5
nonhsat129074.2,l451,5
nonhsat129075.2,l452,5
nonhsat129051.2,l453,5
nonhsat129065.2,l454,5
nonhsat129058.2,l455,5
nonhsat129053.2,l456,5
nonhsat129064.2,l457,5
nonhsat129063.2,l458,5
nonhsat134613.2,l459,5
nonhsat105839.2,l460,5
nonhsat105836.2,l461,5
nonhsat105837.2,l462,5
nonhsat105842.2,l463,5
nonhsat105840.2,l464,5
nonhsat144214.2,l465,5
nonhsat144212.2,l466,5
nonhsat144213.2,l467,5
nonhsat124969.2,l468,5
nonhsat124973.2,l469,5
nonhsat124971.2,l470,5
nonhsat124974.2,l471,5
nonhsat055700.2,l472,5
nonhsat055705.2,l473,5
nonhsat055676.2,l474,5
nonhsat055673.2,l475,5
nonhsat055692.2,l476,5
nonhsat055688.2,l477,5
nonhsat055690.2,l478,5
nonhsat055694.2,l479,5
nonhsat055684.2,l480,5
nonhsat055683.2,l481,5
nonhsat055703.2,l482,5
nonhsat055698.2,l483,5
nonhsat055671.2,l484,5
nonhsat007672.2,l485,5
nonhsat007668.2,l486,5
nonhsat007680.2,l487,5
nonhsat007695.2,l488,5
nonhsat007667.2,l489,5
nonhsat007688.2,l490,5
nonhsat007701.2,l491,5
nonhsat007683.2,l492,5
nonhsat007691.2,l493,5
nonhsat007675.2,l494,5
nonhsat007664.2,l495,5
nonhsat007673.2,l496,5
nonhsat007699.2,l497,5
nonhsat007666.2,l498,5
nonhsat007681.2,l499,5
nonhsat007682.2,l500,5
nonhsat007684.2,l501,5
nonhsat007698.2,l502,5
nonhsat007670.2,l503,5
nonhsat007690.2,l504,5
nonhsat007669.2,l505,5
nonhsat007693.2,l506,5
nonhsat087925.2,l507,5
nonhsat065988.2,l508,5
nonhsat065989.2,l509,5
nonhsat065991.2,l510,5
nonhsat065996.2,l511,5
nonhsat180380.1,l512,5
nonhsat065985.2,l513,5
nonhsat177375.1,l514,5
nonhsat057061.2,l515,5
nonhsat057057.2,l516,5
nonhsat057073.2,l517,5
nonhsat057067.2,l518,5
nonhsat057068.2,l519,5
nonhsat061612.2,l520,5
nonhsat061539.2,l521,5
nonhsat061540.2,l522,5
nonhsat061644.2,l523,5
nonhsat061535.2,l524,5
nonhsat061645.2,l525,5
nonhsat063962.2,l526,5
nonhsat063966.2,l527,5
nonhsat063992.2,l528,5
nonhsat063968.2,l529,5
nonhsat063991.2,l530,5
nonhsat063996.2,l531,5
nonhsat145320.2,l532,5
nonhsat145321.2,l533,5
nonhsat151184.1,l534,5
nonhsat001159.2,l535,5
nonhsat191947.1,l536,5
nonhsat191948.1,l537,5
nonhsat083173.2,l538,5
nonhsat015423.2,l539,5
nonhsat022112.2,l540,5
nonhsat159236.1,l541,5
nonhsat159237.1,l542,5
nonhsat116938.2,l543,5
nonhsat118301.2,l544,5
nonhsat208951.1,l545,5
nonhsat108608.2,l546,5
nonhsat117289.2,l547,5
nonhsat116587.2,l548,5
nonhsat117948.2,l549,5
nonhsat116372.2,l550,5
nonhsat016522.2,l551,5
nonhsat157557.1,l552,5
nonhsat016525.2,l553,5
nonhsat016527.2,l554,5
nonhsat016523.2,l555,5
nonhsat016526.2,l556,5
nonhsat116018.2,l557,5
nonhsat116021.2,l558,5
nonhsat116022.2,l559,5
nonhsat116019.2,l560,5
nonhsat102664.2,l561,5
nonhsat102662.2,l562,5
nonhsat102668.2,l563,5
nonhsat102671.2,l564,5
nonhsat102675.2,l565,5
nonhsat102657.2,l566,5
nonhsat102669.2,l567,5
nonhsat102661.2,l568,5
nonhsat102673.2,l569,5
nonhsat102674.2,l570,5
nonhsat102666.2,l571,5
nonhsat102676.2,l572,5
nonhsat102663.2,l573,5
nonhsat102659.2,l574,5
nonhsat102660.2,l575,5
nonhsat102667.2,l576,5
nonhsat133402.2,l577,5
nonhsat133392.2,l578,5
nonhsat133401.2,l579,5
nonhsat133397.2,l580,5
nonhsat051728.2,l581,5
nonhsat139488.2,l582,5
nonhsat139491.2,l583,5
nonhsat139487.2,l584,5
nonhsat035664.2,l585,5
nonhsat035663.2,l586,5
nonhsat034666.2,l587,5
nonhsat012871.2,l588,5
nonhsat012876.2,l589,5
nonhsat030335.2,l590,5
nonhsat081835.2,l591,5
nonhsat081838.2,l592,5
nonhsat081848.2,l593,5
nonhsat081841.2,l594,5
nonhsat081847.2,l595,5
nonhsat190906.1,l596,5
nonhsat081836.2,l597,5
nonhsat190904.1,l598,5
nonhsat190907.1,l599,5
nonhsat190909.1,l600,5
nonhsat081834.2,l601,5
nonhsat081839.2,l602,5
nonhsat190902.1,l603,5
nonhsat190903.1,l604,5
nonhsat081849.2,l605,5
nonhsat081846.2,l606,5
nonhsat081850.2,l607,5
nonhsat146441.2,l608,5
nonhsat120419.2,l609,5
nonhsat120420.2,l610,5
nonhsat120421.2,l611,5
nonhsat120415.2,l612,5
nonhsat120417.2,l613,5
nonhsat120422.2,l614,5
nonhsat120423.2,l615,5
nonhsat120416.2,l616,5
nonhsat056042.2,l617,5
nonhsat056044.2,l618,5
nonhsat056048.2,l619,5
nonhsat056047.2,l620,5
nonhsat056049.2,l621,5
nonhsat079674.2,l622,5
nonhsat079681.2,l623,5
nonhsat079675.2,l624,5
nonhsat079685.2,l625,5
nonhsat079684.2,l626,5
nonhsat079688.2,l627,5
nonhsat079676.2,l628,5
nonhsat079673.2,l629,5
nonhsat079680.2,l630,5
nonhsat079677.2,l631,5
nonhsat079682.2,l632,5
nonhsat079683.2,l633,5
nonhsat001974.2,l634,5
nonhsat001981.2,l635,5
nonhsat001968.2,l636,5
nonhsat001970.2,l637,5
nonhsat001972.2,l638,5
nonhsat001973.2,l639,5
nonhsat001969.2,l640,5
nonhsat001975.2,l641,5
nonhsat001976.2,l642,5
nonhsat001971.2,l643,5
nonhsat121155.2,l644,5
nonhsat121190.2,l645,5
nonhsat121188.2,l646,5
nonhsat121170.2,l647,5
nonhsat146442.2,l648,5
nonhsat108327.2,l649,5
nonhsat108321.2,l650,5
nonhsat108320.2,l651,5
nonhsat108326.2,l652,5
nonhsat156190.1,l653,5
nonhsat156189.1,l654,5
nonhsat016552.2,l655,5
nonhsat121825.2,l656,5
nonhsat213690.1,l657,5
nonhsat121826.2,l658,5
nonhsat121828.2,l659,5
nonhsat213691.1,l660,5
nonhsat213692.1,l661,5
nonhsat121829.2,l662,5
nonhsat082905.2,l663,5
nonhsat082906.2,l664,5
nonhsat082408.2,l665,5
nonhsat082407.2,l666,5
nonhsat137570.2,l667,5
nonhsat137572.2,l668,5
nonhsat137574.2,l669,5
nonhsat137569.2,l670,5
nonhsat137575.2,l671,5
nonhsat137573.2,l672,5
nonhsat137568.2,l673,5
nonhsat137576.2,l674,5
nonhsat137567.2,l675,5
nonhsat116228.2,l676,5
nonhsat082432.2,l677,5
nonhsat082420.2,l678,5
nonhsat082421.2,l679,5
nonhsat082422.2,l680,5
nonhsat077398.2,l681,5
nonhsat115888.2,l682,5
nonhsat130421.2,l683,5
nonhsat054029.2,l684,5
nonhsat033866.2,l685,5
nonhsat075636.2,l686,5
nonhsat072142.2,l687,5
nonhsat082908.2,l688,5
nonhsat059682.2,l689,5
nonhsat039445.2,l690,5
nonhsat083089.2,l691,5
nonhsat011777.2,l692,5
nonhsat143824.2,l693,5
nonhsat127526.2,l694,5
nonhsat005182.2,l695,5
nonhsat011371.2,l696,5
nonhsat079659.2,l697,5
nonhsat034741.2,l698,5
nonmmut042500.2,l699,5
nonhsat000530.2,l700,5
nonhsat138439.2,l701,5
nonhsat012605.2,l702,5
nonhsat012864.2,l703,5
nonhsat091509.2,l704,5
nonhsat066046.2,l705,5
nonhsat060501.2,l706,5
nonhsat122160.2,l707,5
nonhsat130782.2,l708,5
nonhsat000159.2,l709,5
nonhsat081862.2,l710,5
nonhsat039675.2,l711,5
nonhsat066972.2,l712,5
nonhsat007429.2,l713,5
nonhsat074193.2,l714,5
nonhsat145961.2,l715,5
nonhsat142136.2,l716,5
nonhsat001062.2,l717,5
nonhsat127134.2,l718,5
nonhsat104512.2,l719,5
nonhsat091278.2,l720,5
nonhsat042324.2,l721,5
nonhsat031489.2,l722,5
nonhsat032437.2,l723,5
nonhsat000208.2,l724,5
nonhsat042032.2,l725,5
nonhsat125791.2,l726,5
nonhsat103916.2,l727,5
nonhsat035954.2,l728,5
nonhsat100798.2,l729,5
nonhsat094546.2,l730,5
nonhsat114467.2,l731,5
nonhsat137571.2,l732,5
nonhsat058969.2,l733,5
nonhsat083043.2,l734,5
nonhsat144461.2,l735,5
nonhsat041262.2,l736,5
nonhsat018688.2,l737,5
nonhsat089210.2,l738,5
nonhsat034313.2,l739,5
nonhsat122633.2,l740,5
nonhsat082269.2,l741,5
nonhsat032621.2,l742,5
nonhsat135851.2,l743,5
nonhsat077414.2,l744,5
nonhsat099144.2,l745,5
nonhsat082426.2,l746,5
nonhsat138539.2,l747,5
nonhsat002390.2,l748,5
nonhsat034472.2,l749,5
nonhsat081259.2,l750,5
nonhsat118799.2,l751,5
nonhsat005306.2,l752,5
nonhsat123692.2,l753,5
nonhsat075043.2,l754,5
nonhsat024787.2,l755,5
nonhsat024778.2,l756,5
nonhsat037763.2,l757,5
nonhsat054170.2,l758,5
nonhsat005107.2,l759,5
nonhsat124770.2,l760,5
nonhsat081842.2,l761,5
nonhsat034457.2,l762,5
nonhsat095934.2,l763,5
nonhsat127622.2,l764,5
nonhsat099216.2,l765,5
nonhsat026823.2,l766,5
nonhsat037890.2,l767,5
nonhsat095521.2,l768,5
nonhsat037192.2,l769,5
nonhsat001511.2,l770,5
nonhsat123391.2,l771,5
nonhsat134350.2,l772,5
nonhsat001050.2,l773,5
nonhsat070239.2,l774,5
nonhsat137589.2,l775,5
nonhsat027013.2,l776,5
nonhsat027206.2,l777,5
nonhsat107262.2,l778,5
nonhsat072962.2,l779,5
nonhsat091768.2,l780,5
nonhsat016441.2,l781,5
nonhsat066082.2,l782,5
nonhsat042416.2,l783,5
nonhsat075799.2,l784,5
nonhsat087070.2,l785,5
nonhsat145960.2,l786,5
nonhsat060973.2,l787,5
nonhsat018076.2,l788,5
nonhsat037120.2,l789,5
nonhsat033104.2,l790,5
nonhsat073752.2,l791,5
nonhsat107804.2,l792,5
nonhsat115641.2,l793,5
nonhsat042412.2,l794,5
nonhsat122865.2,l795,5
nonhsat041032.2,l796,5
nonhsat130018.2,l797,5
nonhsat100290.2,l798,5
nonhsat088657.2,l799,5
nonhsat032581.2,l800,5
nonhsat090006.2,l801,5
nonhsat090178.2,l802,5
nonhsat132588.2,l803,5
nonhsat122815.2,l804,5
nonhsat113544.2,l805,5
nonhsat146362.2,l806,5
nonhsat131836.2,l807,5
nonhsat048283.2,l808,5
nonhsat088334.2,l809,5
nonhsat090106.2,l810,5
nonhsat035689.2,l811,5
nonhsat113844.2,l812,5
nonhsat144573.2,l813,5
nonhsat118917.2,l814,5
nonhsat131173.2,l815,5
nonhsat016573.2,l816,5
nonhsat112849.2,l817,5
nonhsat092298.2,l818,5
nonhsat034878.2,l819,5
nonhsat016859.2,l820,5
nonhsat090108.2,l821,5
nonhsat010583.2,l822,5
nonhsat072143.2,l823,5
nonhsat004185.2,l824,5
nonhsat141041.2,l825,5
nonhsat097037.2,l826,5
nonhsat037203.2,l827,5
nonhsat099241.2,l828,5
nonhsat108425.2,l829,5
nonhsat001063.2,l830,5
nonhsat089479.2,l831,5
nonhsat005482.2,l832,5
nonhsat087529.2,l833,5
nonhsat005499.2,l834,5
nonhsat018082.2,l835,5
nonhsat067050.2,l836,5
nonhsat006085.2,l837,5
nonhsat063901.2,l838,5
nonhsat099141.2,l839,5
nonhsat081608.2,l840,5
nonhsat012887.2,l841,5
nonhsat131106.2,l842,5
nonhsat104073.2,l843,5
nonhsat133935.2,l844,5
nonhsat054265.2,l845,5
nonhsat047105.2,l846,5
nonhsat134020.2,l847,5
nonhsat101044.2,l848,5
nonhsat128043.2,l849,5
nonhsat141017.2,l850,5
nonhsat072984.2,l851,5
nonhsat108615.2,l852,5
nonhsat120276.2,l853,5
nonhsat097673.2,l854,5
nonhsat133133.2,l855,5
nonhsat070699.2,l856,5
nonhsat120080.2,l857,5
nonhsat054462.2,l858,5
nonhsat145923.2,l859,5
nonhsat037909.2,l860,5
nonhsat028579.2,l861,5
nonhsat032246.2,l862,5
nonhsat091241.2,l863,5
nonhsat128363.2,l864,5
nonhsat133800.2,l865,5
nonhsat120522.2,l866,5
nonhsat012542.2,l867,5
nonhsat125847.2,l868,5
nonhsat067968.2,l869,5
nonhsat101354.2,l870,5
nonhsat047051.2,l871,5
nonhsat115059.2,l872,5
nonhsat140990.2,l873,5
nonhsat108382.2,l874,5
nonhsat101833.2,l875,5
nonhsat052812.2,l876,5
nonhsat097569.2,l877,5
nonhsat041921.2,l878,5
nonhsat006903.2,l879,5
nonhsat064003.2,l880,5
nonhsat071557.2,l881,5
nonhsat098065.2,l882,5
nonhsat079340.2,l883,5
nonhsat084534.2,l884,5
nonhsat089367.2,l885,5
nonhsat011652.2,l886,5
nonhsat101350.2,l887,5
nonhsat022115.2,l888,5
nonhsat081501.2,l889,5
nonhsat092691.2,l890,5
nonhsat103133.2,l891,5
nonhsat144408.2,l892,5
nonhsat092997.2,l893,5
nonhsat005300.2,l894,5
nonhsat125439.2,l895,5
nonhsat112119.2,l896,5
nonhsat123513.2,l897,5
nonhsat033364.2,l898,5
nonhsat089678.2,l899,5
nonhsat099881.2,l900,5
nonhsat120226.2,l901,5
nonhsat056107.2,l902,5
nonhsat009594.2,l903,5
nonhsat024449.2,l904,5
nonhsat037642.2,l905,5
nonhsat083226.2,l906,5
nonhsat114788.2,l907,5
nonhsat138174.2,l908,5
nonhsat145225.2,l909,5
nonhsat145832.2,l910,5
nonhsat005662.2,l911,5
nonhsat095745.2,l912,5
nonhsat131072.2,l913,5
nonhsat070107.2,l914,5
nonhsat005398.2,l915,5
nonhsat075859.2,l916,5
nonhsat090223.2,l917,5
nonhsat004374.2,l918,5
nonhsat046853.2,l919,5
nonhsat101771.2,l920,5
nonhsat039782.2,l921,5
nonhsat055460.2,l922,5
nonhsat121005.2,l923,5
nonhsat133828.2,l924,5
nonhsat040375.2,l925,5
nonhsat000825.2,l926,5
nonhsat083854.2,l927,5
nonhsat040685.2,l928,5
nonhsat027070.2,l929,5
nonhsat008410.2,l930,5
nonhsat125622.2,l931,5
nonhsat115106.2,l932,5
nonhsat000090.2,l933,5
nonhsat096458.2,l934,5
nonhsat058916.2,l935,5
nonhsat033822.2,l936,5
nonhsat004175.2,l937,5
nonhsat007706.2,l938,5
nonhsat134905.2,l939,5
nonhsat043980.2,l940,5
nonhsat099958.2,l941,5
nonhsat114444.2,l942,5
nonhsat047967.2,l943,5
nonhsat005198.2,l944,5
nonhsat090407.2,l945,5
nonhsat079548.2,l946,5
nonhsat063859.2,l947,5
nonhsat004412.2,l948,5
nonhsat076730.2,l949,5
nonhsat004527.2,l950,5
nonhsat134003.2,l951,5
nonhsat016672.2,l952,5
nonhsat037134.2,l953,5
nonhsat135352.2,l954,5
nonhsat056046.2,l955,5
nonhsat040800.2,l956,5
nonhsat144828.2,l957,5
nonhsat021887.2,l958,5
nonhsat126295.2,l959,5
nonhsat082933.2,l960,5
nonhsat028145.2,l961,5
nonhsat052801.2,l962,5
nonhsat123220.2,l963,5
nonhsat141949.2,l964,5
nonhsat106735.2,l965,5
nonhsat024258.2,l966,5
nonhsat123138.2,l967,5
nonhsat077878.2,l968,5
nonhsat077466.2,l969,5
nonhsat126086.2,l970,5
nonhsat008565.2,l971,5
nonhsat053349.2,l972,5
nonhsat113481.2,l973,5
nonhsat097386.2,l974,5
nonhsat134758.2,l975,5
nonhsat015415.2,l976,5
nonhsat134532.2,l977,5
nonhsat056017.2,l978,5
nonhsat063868.2,l979,5
nonhsat067512.2,l980,5
nonhsat104991.2,l981,5
nonhsat054162.2,l982,5
nonhsat010167.2,l983,5
nonhsat124467.2,l984,5
nonhsat129986.2,l985,5
nonhsat092772.2,l986,5
nonhsat138966.2,l987,5
nonhsat121668.2,l988,5
nonhsat033800.2,l989,5
nonhsat120418.2,l990,5
nonhsat005727.2,l991,5
nonhsat120464.2,l992,5
nonhsat113450.2,l993,5
nonhsat085075.2,l994,5
nonhsat138142.2,l995,5
nonhsat144112.2,l996,5
nonhsat119808.2,l997,5
nonhsat122291.2,l998,5
nonhsat102788.2,l999,5
nonhsat033690.2,l1000,5
nonhsat126028.2,l1001,5
nonhsat066071.2,l1002,5
nonhsat113140.2,l1003,5
nonhsat141838.2,l1004,5
nonhsat002153.2,l1005,5
nonhsat121765.2,l1006,5
nonhsat072144.2,l1007,5
nonhsat005319.2,l1008,5
nonhsat078817.2,l1009,5
nonhsat037576.2,l1010,5
nonhsat009703.2,l1011,5
nonhsat120007.2,l1012,5
nonhsat047895.2,l1013,5
nonhsat082967.2,l1014,5
nonhsat126967.2,l1015,5
nonhsat003439.2,l1016,5
nonhsat010174.2,l1017,5
nonhsat074169.2,l1018,5
nonhsat087600.2,l1019,5
nonhsat005346.2,l1020,5
nonhsat084646.2,l1021,5
nonhsat126929.2,l1022,5
nonhsat054126.2,l1023,5
nonhsat102816.2,l1024,5
nonhsat073831.2,l1025,5
nonhsat041141.2,l1026,5
nonhsat072152.2,l1027,5
nonhsat027801.2,l1028,5
nonhsat039558.2,l1029,5
nonhsat049670.2,l1030,5
nonhsat036790.2,l1031,5
nonhsat001953.2,l1032,5
nonhsat047364.2,l1033,5
nonhsat100401.2,l1034,5
nonhsat031176.2,l1035,5
nonhsat121718.2,l1036,5
nonhsat071501.2,l1037,5
nonhsat129017.2,l1038,5
nonhsat034312.2,l1039,5
nonhsat135828.2,l1040,5
nonhsat137487.2,l1041,5
nonhsat123408.2,l1042,5
nonhsat005448.2,l1043,5
nonhsat119987.2,l1044,5
nonhsat005481.2,l1045,5
nonhsat071060.2,l1046,5
nonhsat071769.2,l1047,5
nonhsat137283.2,l1048,5
nonhsat113706.2,l1049,5
nonhsat038064.2,l1050,5
nonhsat041487.2,l1051,5
nonhsat135751.2,l1052,5
nonhsat135822.2,l1053,5
nonhsat083616.2,l1054,5
nonhsat089496.2,l1055,5
nonhsat056108.2,l1056,5
nonhsat078100.2,l1057,5
nonhsat040814.2,l1058,5
nonhsat122460.2,l1059,5
nonhsat125130.2,l1060,5
nonhsat015967.2,l1061,5
nonhsat098243.2,l1062,5
nonhsat042406.2,l1063,5
nonhsat102044.2,l1064,5
nonhsat010724.2,l1065,5
nonhsat002658.2,l1066,5
nonhsat128129.2,l1067,5
nonhsat137607.2,l1068,5
nonhsat072940.2,l1069,5
nonhsat114452.2,l1070,5
nonhsat079374.2,l1071,5
nonhsat036725.2,l1072,5
nonhsat101022.2,l1073,5
nonhsat069972.2,l1074,5
nonhsat066004.2,l1075,5
nonhsat010896.2,l1076,5
nonhsat009806.2,l1077,5
nonhsat119684.2,l1078,5
nonhsat118707.2,l1079,5
nonhsat113541.2,l1080,5
nonhsat078782.2,l1081,5
nonhsat081217.2,l1082,5
nonhsat033970.2,l1083,5
nonhsat017635.2,l1084,5
nonhsat134524.2,l1085,5
nonhsat013469.2,l1086,5
nonhsat058587.2,l1087,5
nonhsat143950.2,l1088,5
nonhsat060458.2,l1089,5
nonhsat120232.2,l1090,5
nonhsat130010.2,l1091,5
nonhsat028567.2,l1092,5
nonhsat018229.2,l1093,5
nonhsat134684.2,l1094,5
nonhsat007235.2,l1095,5
nonhsat144655.2,l1096,5
nonhsat122118.2,l1097,5
nonhsat074047.2,l1098,5
nonhsat047236.2,l1099,5
nonhsat049673.2,l1100,5
nonhsat099020.2,l1101,5
nonhsat137627.2,l1102,5
nonhsat076794.2,l1103,5
nonhsat037723.2,l1104,5
nonhsat004544.2,l1105,5
nonhsat037013.2,l1106,5
nonhsat098514.2,l1107,5
nonhsat130469.2,l1108,5
nonhsat026037.2,l1109,5
nonhsat007719.2,l1110,5
nonhsat095799.2,l1111,5
nonhsat004238.2,l1112,5
nonhsat070923.2,l1113,5
nonhsat093004.2,l1114,5
nonhsat037132.2,l1115,5
nonhsat121382.2,l1116,5
nonhsat124335.2,l1117,5
nonhsat124573.2,l1118,5
nonhsat083046.2,l1119,5
nonhsat034482.2,l1120,5
nonhsat016752.2,l1121,5
nonhsat079300.2,l1122,5
nonhsat114486.2,l1123,5
nonhsat123374.2,l1124,5
nonhsat026210.2,l1125,5
nonhsat128024.2,l1126,5
nonhsat084838.2,l1127,5
nonhsat036563.2,l1128,5
nonhsat099973.2,l1129,5
nonhsat094676.2,l1130,5
nonhsat108543.2,l1131,5
nonhsat091524.2,l1132,5
nonhsat015736.2,l1133,5
nonhsat112124.2,l1134,5
nonhsat053396.2,l1135,5
nonhsat030018.2,l1136,5
nonhsat028938.2,l1137,5
nonhsat025390.2,l1138,5
nonhsat004237.2,l1139,5
nonhsat112122.2,l1140,5
nonhsat009495.2,l1141,5
nonhsat054253.2,l1142,5
nonhsat044002.2,l1143,5
nonhsat042411.2,l1144,5
nonhsat077932.2,l1145,5
nonhsat068218.2,l1146,5
nonhsat108627.2,l1147,5
nonhsat033794.2,l1148,5
nonhsat040062.2,l1149,5
nonhsat145765.2,l1150,5
nonhsat146839.2,l1151,5
nonhsat071670.2,l1152,5
nonhsat075981.2,l1153,5
nonhsat142612.2,l1154,5
nonhsat016596.2,l1155,5
nonhsat035861.2,l1156,5
nonhsat053518.2,l1157,5
nonhsat071727.2,l1158,5
nonhsat047753.2,l1159,5
nonhsat023259.2,l1160,5
nonhsat013416.2,l1161,5
nonhsat006360.2,l1162,5
nonhsat081502.2,l1163,5
nonhsat034484.2,l1164,5
nonhsat017355.2,l1165,5
nonhsat132849.2,l1166,5
nonhsat004455.2,l1167,5
nonhsat056552.2,l1168,5
nonhsat013031.2,l1169,5
nonhsat108624.2,l1170,5
nonhsat134340.2,l1171,5
nonhsat144315.2,l1172,5
nonhsat034532.2,l1173,5
nonhsat107742.2,l1174,5
nonhsat113497.2,l1175,5
nonhsat016411.2,l1176,5
nonhsat034695.2,l1177,5
nonhsat067541.2,l1178,5
nonhsat059132.2,l1179,5
nonhsat075170.2,l1180,5
nonhsat094906.2,l1181,5
nonhsat054133.2,l1182,5
nonhsat031972.2,l1183,5
nonhsat053846.2,l1184,5
nonhsat011627.2,l1185,5
nonhsat128403.2,l1186,5
nonhsat030098.2,l1187,5
nonhsat079231.2,l1188,5
nonhsat095569.2,l1189,5
nonhsat123162.2,l1190,5
nonhsat033797.2,l1191,5
nonhsat098032.2,l1192,5
nonhsat089495.2,l1193,5
nonhsat006742.2,l1194,5
nonhsat063875.2,l1195,5
nonhsat028908.2,l1196,5
nonhsat137990.2,l1197,5
nonhsat066343.2,l1198,5
nonhsat016749.2,l1199,5
nonhsat032173.2,l1200,5
nonhsat138547.2,l1201,5
nonhsat133730.2,l1202,5
nonhsat138143.2,l1203,5
nonhsat001699.2,l1204,5
nonhsat070916.2,l1205,5
nonhsat094227.2,l1206,5
nonhsat148015.2,l1207,5
nonhsat025025.2,l1208,5
nonhsat124481.2,l1209,5
nonhsat052809.2,l1210,5
nonhsat025371.2,l1211,5
nonhsat076792.2,l1212,5
nonhsat137675.2,l1213,5
nonhsat070525.2,l1214,5
nonhsat023992.2,l1215,5
nonhsat033428.2,l1216,5
nonhsat101254.2,l1217,5
nonhsat122011.2,l1218,5
nonhsat025325.2,l1219,5
nonhsat089873.2,l1220,5
nonhsat130281.2,l1221,5
nonhsat033967.2,l1222,5
nonhsat003311.2,l1223,5
nonhsat101269.2,l1224,5
nonhsat005809.2,l1225,5
nonhsat054988.2,l1226,5
nonhsat077129.2,l1227,5
nonhsat024353.2,l1228,5
nonhsat095738.2,l1229,5
nonhsat040974.2,l1230,5
nonhsat053931.2,l1231,5
nonhsat140736.2,l1232,5
nonhsat097267.2,l1233,5
nonhsat079187.2,l1234,5
nonhsat076663.2,l1235,5
nonhsat029740.2,l1236,5
nonhsat138693.2,l1237,5
nonhsat023404.2,l1238,5
nonhsat098666.2,l1239,5
nonhsat122124.2,l1240,5
nonhsat005942.2,l1241,5
nonhsat097252.2,l1242,5
nonhsat068119.2,l1243,5
nonhsat055064.2,l1244,5
nonhsat029233.2,l1245,5
nonhsat119717.2,l1246,5
nonhsat082457.2,l1247,5
nonhsat075924.2,l1248,5
nonhsat133997.2,l1249,5
nonhsat072980.2,l1250,5
nonhsat028994.2,l1251,5
nonhsat034904.2,l1252,5
nonhsat024217.2,l1253,5
nonhsat007159.2,l1254,5
nonhsat136834.2,l1255,5
nonhsat016118.2,l1256,5
nonhsat124273.2,l1257,5
nonhsat103296.2,l1258,5
nonhsat066638.2,l1259,5
nonhsat072398.2,l1260,5
nonhsat125784.2,l1261,5
nonhsat000091.2,l1262,5
nonhsat131038.2,l1263,5
nonhsat121098.2,l1264,5
nonhsat068391.2,l1265,5
nonhsat028690.2,l1266,5
nonhsat005431.2,l1267,5
nonhsat134595.2,l1268,5
nonhsat132851.2,l1269,5
nonhsat135576.2,l1270,5
nonhsat031122.2,l1271,5
nonhsat034596.2,l1272,5
nonhsat101970.2,l1273,5
nonhsat122694.2,l1274,5
nonhsat118886.2,l1275,5
nonhsat039186.2,l1276,5
nonhsat002344.2,l1277,5
nonhsat051192.2,l1278,5
nonhsat017187.2,l1279,5
nonhsat119531.2,l1280,5
nonhsat029682.2,l1281,5
nonhsat055127.2,l1282,5
nonhsat055124.2,l1283,5
nonhsat124334.2,l1284,5
nonhsat027487.2,l1285,5
nonhsat114709.2,l1286,5
nonhsat001136.2,l1287,5
nonhsat142400.2,l1288,5
nonhsat115857.2,l1289,5
nonhsat056426.2,l1290,5
nonhsat082035.2,l1291,5
nonhsat102415.2,l1292,5
nonhsat055027.2,l1293,5
nonhsat034093.2,l1294,5
nonhsat119880.2,l1295,5
nonhsat011501.2,l1296,5
nonhsat041510.2,l1297,5
nonhsat123438.2,l1298,5
nonhsat114356.2,l1299,5
nonhsat081240.2,l1300,5
nonhsat017193.2,l1301,5
nonhsat079686.2,l1302,5
nonhsat136900.2,l1303,5
nonhsat063972.2,l1304,5
nonhsat061441.2,l1305,5
nonhsat006361.2,l1306,5
nonhsat093223.2,l1307,5
nonhsat027210.2,l1308,5
nonhsat087446.2,l1309,5
nonhsat141193.2,l1310,5
nonhsat004284.2,l1311,5
nonhsat108438.2,l1312,5
nonhsat047079.2,l1313,5
nonhsat107271.2,l1314,5
nonhsat018227.2,l1315,5
nonhsat138147.2,l1316,5
nonhsat025149.2,l1317,5
nonhsat074905.2,l1318,5
nonhsat145165.2,l1319,5
nonhsat059878.2,l1320,5
nonhsat004512.2,l1321,5
nonhsat134698.2,l1322,5
nonhsat099232.2,l1323,5
nonhsat074765.2,l1324,5
nonhsat064037.2,l1325,5
nonhsat040285.2,l1326,5
nonhsat077462.2,l1327,5
nonhsat112843.2,l1328,5
nonhsat053925.2,l1329,5
nonhsat054716.2,l1330,5
nonhsat037636.2,l1331,5
nonhsat123063.2,l1332,5
nonhsat097185.2,l1333,5
nonhsat012889.2,l1334,5
nonhsat144081.2,l1335,5
nonhsat039455.2,l1336,5
nonhsat002564.2,l1337,5
nonhsat026116.2,l1338,5
nonhsat007045.2,l1339,5
nonhsat090901.2,l1340,5
nonhsat030759.2,l1341,5
nonhsat119704.2,l1342,5
nonhsat084609.2,l1343,5
nonhsat066662.2,l1344,5
nonhsat054915.2,l1345,5
nonhsat005705.2,l1346,5
nonhsat098163.2,l1347,5
nonhsat003081.2,l1348,5
nonhsat055128.2,l1349,5
nonhsat098480.2,l1350,5
nonhsat026404.2,l1351,5
nonhsat114508.2,l1352,5
nonhsat053230.2,l1353,5
nonhsat056040.2,l1354,5
nonhsat092438.2,l1355,5
nonhsat146833.2,l1356,5
nonhsat138334.2,l1357,5
nonhsat037119.2,l1358,5
nonhsat055307.2,l1359,5
nonhsat125260.2,l1360,5
nonhsat064038.2,l1361,5
nonhsat076795.2,l1362,5
nonhsat113545.2,l1363,5
nonhsat039453.2,l1364,5
nonhsat102762.2,l1365,5
nonhsat078101.2,l1366,5
nonhsat042264.2,l1367,5
nonhsat098133.2,l1368,5
nonhsat063975.2,l1369,5
nonhsat055363.2,l1370,5
nonhsat024276.2,l1371,5
nonhsat055687.2,l1372,5
nonhsat053816.2,l1373,5
nonhsat046801.2,l1374,5
nonhsat101258.2,l1375,5
nonhsat087772.2,l1376,5
nonhsat119053.2,l1377,5
nonhsat107609.2,l1378,5
nonhsat083698.2,l1379,5
nonhsat097462.2,l1380,5
nonhsat106625.2,l1381,5
nonhsat113914.2,l1382,5
nonhsat137355.2,l1383,5
nonhsat100073.2,l1384,5
nonhsat078261.2,l1385,5
nonhsat125160.2,l1386,5
nonhsat083038.2,l1387,5
nonhsat092544.2,l1388,5
nonhsat033791.2,l1389,5
nonhsat095820.2,l1390,5
nonhsat033780.2,l1391,5
nonhsat125750.2,l1392,5
nonhsat057058.2,l1393,5
nonhsat132832.2,l1394,5
nonhsat121615.2,l1395,5
nonhsat011558.2,l1396,5
nonhsat002921.2,l1397,5
nonhsat027609.2,l1398,5
nonhsat102257.2,l1399,5
nonhsat136803.2,l1400,5
nonhsat080219.2,l1401,5
nonhsat047363.2,l1402,5
nonhsat122761.2,l1403,5
nonhsat102285.2,l1404,5
nonhsat114816.2,l1405,5
nonhsat053415.2,l1406,5
nonhsat047179.2,l1407,5
nonhsat058560.2,l1408,5
nonhsat061386.2,l1409,5
nonhsat013550.2,l1410,5
nonhsat093388.2,l1411,5
nonhsat025024.2,l1412,5
nonhsat056309.2,l1413,5
nonhsat087199.2,l1414,5
nonhsat008555.2,l1415,5
nonhsat079276.2,l1416,5
nonhsat079364.2,l1417,5
nonhsat025475.2,l1418,5
nonhsat002083.2,l1419,5
nonhsat029810.2,l1420,5
nonhsat001463.2,l1421,5
nonhsat093164.2,l1422,5
nonhsat030458.2,l1423,5
nonhsat012566.2,l1424,5
nonhsat133286.2,l1425,5
nonhsat060959.2,l1426,5
nonhsat015792.2,l1427,5
nonhsat025216.2,l1428,5
nonhsat142090.2,l1429,5
nonhsat095714.2,l1430,5
nonhsat037464.2,l1431,5
nonhsat137668.2,l1432,5
nonhsat123693.2,l1433,5
nonhsat089609.2,l1434,5
nonhsat130074.2,l1435,5
nonhsat041802.2,l1436,5
nonhsat084833.2,l1437,5
nonhsat052795.2,l1438,5
nonhsat131159.2,l1439,5
nonhsat101769.2,l1440,5
nonhsat119675.2,l1441,5
nonhsat018001.2,l1442,5
nonhsat113257.2,l1443,5
nonhsat004775.2,l1444,5
nonhsat081046.2,l1445,5
nonhsat122589.2,l1446,5
nonhsat031496.2,l1447,5
nonhsat112287.2,l1448,5
nonhsat047178.2,l1449,5
nonhsat037567.2,l1450,5
nonhsat054916.2,l1451,5
nonhsat016378.2,l1452,5
nonhsat035478.2,l1453,5
nonhsat041505.2,l1454,5
nonhsat104294.2,l1455,5
nonhsat047685.2,l1456,5
nonhsat093392.2,l1457,5
nonhsat133389.2,l1458,5
nonhsat023362.2,l1459,5
nonhsat063945.2,l1460,5
nonhsat018481.2,l1461,5
nonhsat087761.2,l1462,5
nonhsat002396.2,l1463,5
nonhsat103651.2,l1464,5
nonhsat091273.2,l1465,5
nonhsat128045.2,l1466,5
nonhsat131104.2,l1467,5
nonhsat050883.2,l1468,5
nonhsat077115.2,l1469,5
nonhsat084887.2,l1470,5
nonhsat124073.2,l1471,5
nonhsat035599.2,l1472,5
nonhsat013309.2,l1473,5
nonhsat133696.2,l1474,5
nonhsat138078.2,l1475,5
nonhsat058492.2,l1476,5
nonhsat115182.2,l1477,5
nonhsat033191.2,l1478,5
nonhsat125946.2,l1479,5
nonhsat001281.2,l1480,5
nonhsat009463.2,l1481,5
nonhsat126615.2,l1482,5
nonhsat127814.2,l1483,5
nonhsat114823.2,l1484,5
nonhsat103885.2,l1485,5
nonhsat063977.2,l1486,5
nonhsat144648.2,l1487,5
nonhsat070902.2,l1488,5
nonhsat006319.2,l1489,5
nonhsat081475.2,l1490,5
nonhsat067336.2,l1491,5
nonhsat073622.2,l1492,5
nonhsat064111.2,l1493,5
nonhsat071665.2,l1494,5
nonhsat029172.2,l1495,5
nonhsat139226.2,l1496,5
nonhsat115568.2,l1497,5
nonhsat052972.2,l1498,5
nonhsat050868.2,l1499,5
nonhsat031708.2,l1500,5
nonhsat011609.2,l1501,5
nonhsat115664.2,l1502,5
nonhsat047869.2,l1503,5
nonhsat106653.2,l1504,5
nonhsat088456.2,l1505,5
nonhsat009144.2,l1506,5
nonhsat066677.2,l1507,5
nonhsat003218.2,l1508,5
nonhsat018085.2,l1509,5
nonhsat138255.2,l1510,5
nonhsat063988.2,l1511,5
nonhsat023031.2,l1512,5
nonhsat041521.2,l1513,5
nonhsat091035.2,l1514,5
nonhsat041303.2,l1515,5
nonhsat067460.2,l1516,5
nonhsat108308.2,l1517,5
nonhsat121795.2,l1518,5
nonhsat098643.2,l1519,5
nonhsat023586.2,l1520,5
nonhsat088008.2,l1521,5
nonhsat031461.2,l1522,5
nonhsat000092.2,l1523,5
nonhsat095570.2,l1524,5
nonhsat008692.2,l1525,5
nonhsat036096.2,l1526,5
nonhsat002967.2,l1527,5
nonhsat103491.2,l1528,5
nonhsat094312.2,l1529,5
nonhsat041665.2,l1530,5
nonhsat113306.2,l1531,5
nonhsat103433.2,l1532,5
nonhsat088514.2,l1533,5
nonhsat094617.2,l1534,5
nonhsat138609.2,l1535,5
nonhsat135165.2,l1536,5
nonhsat023690.2,l1537,5
nonhsat091152.2,l1538,5
nonhsat090759.2,l1539,5
nonhsat072522.2,l1540,5
nonhsat076543.2,l1541,5
nonhsat126489.2,l1542,5
nonhsat069143.2,l1543,5
nonhsat099931.2,l1544,5
nonhsat018446.2,l1545,5
nonhsat108375.2,l1546,5
nonhsat087778.2,l1547,5
nonhsat091143.2,l1548,5
nonhsat101154.2,l1549,5
nonhsat070211.2,l1550,5
nonhsat115529.2,l1551,5
nonhsat133713.2,l1552,5
nonhsat032056.2,l1553,5
nonhsat133537.2,l1554,5
nonhsat134894.2,l1555,5
nonhsat076209.2,l1556,5
nonhsat119864.2,l1557,5
nonhsat129264.2,l1558,5
nonhsat027475.2,l1559,5
nonhsat137303.2,l1560,5
nonhsat138172.2,l1561,5
nonhsat023366.2,l1562,5
nonhsat121121.2,l1563,5
nonhsat007813.2,l1564,5
nonhsat097499.2,l1565,5
nonhsat107266.2,l1566,5
nonhsat041381.2,l1567,5
nonhsat001652.2,l1568,5
nonhsat065785.2,l1569,5
nonhsat033179.2,l1570,5
nonhsat068138.2,l1571,5
nonhsat119641.2,l1572,5
nonhsat068462.2,l1573,5
nonhsat056826.2,l1574,5
nonhsat125900.2,l1575,5
nonhsat112767.2,l1576,5
nonhsat121616.2,l1577,5
nonhsat031584.2,l1578,5
nonhsat068277.2,l1579,5
nonhsat074964.2,l1580,5
nonhsat081008.2,l1581,5
nonhsat026280.2,l1582,5
nonhsat070692.2,l1583,5
nonhsat141905.2,l1584,5
nonhsat138089.2,l1585,5
nonhsat099919.2,l1586,5
nonhsat099430.2,l1587,5
nonhsat000032.2,l1588,5
nonhsat011934.2,l1589,5
nonhsat078075.2,l1590,5
nonhsat146130.2,l1591,5
nonhsat011868.2,l1592,5
nonhsat008282.2,l1593,5
nonhsat039179.2,l1594,5
nonhsat032525.2,l1595,5
nonhsat090251.2,l1596,5
nonhsat053813.2,l1597,5
nonhsat125261.2,l1598,5
nonhsat143750.2,l1599,5
nonhsat000307.2,l1600,5
nonhsat086890.2,l1601,5
nonhsat099505.2,l1602,5
nonhsat033777.2,l1603,5
nonhsat088370.2,l1604,5
nonhsat120219.2,l1605,5
nonhsat126961.2,l1606,5
nonhsat073808.2,l1607,5
nonhsat054793.2,l1608,5
nonhsat004366.2,l1609,5
nonhsat070922.2,l1610,5
nonhsat140501.2,l1611,5
nonhsat122540.2,l1612,5
nonhsat114468.2,l1613,5
nonhsat114756.2,l1614,5
nonhsat021424.2,l1615,5
nonhsat112844.2,l1616,5
nonhsat030101.2,l1617,5
nonhsat105199.2,l1618,5
nonhsat075752.2,l1619,5
nonhsat127001.2,l1620,5
nonhsat000204.2,l1621,5
nonhsat127805.2,l1622,5
nonhsat099969.2,l1623,5
nonhsat064192.2,l1624,5
nonhsat120000.2,l1625,5
nonhsat055798.2,l1626,5
nonhsat008654.2,l1627,5
nonhsat128411.2,l1628,5
nonhsat089010.2,l1629,5
nonhsat088014.2,l1630,5
nonhsat030969.2,l1631,5
nonhsat101498.2,l1632,5
nonhsat080412.2,l1633,5
nonhsat076682.2,l1634,5
nonhsat090291.2,l1635,5
nonhsat097093.2,l1636,5
nonhsat064215.2,l1637,5
nonhsat108152.2,l1638,5
nonhsat095156.2,l1639,5
nonhsat001705.2,l1640,5
nonhsat001301.2,l1641,5
nonhsat105070.2,l1642,5
nonhsat002955.2,l1643,5
nonhsat018796.2,l1644,5
nonhsat066144.2,l1645,5
nonhsat143979.2,l1646,5
nonhsat047921.2,l1647,5
nonhsat036115.2,l1648,5
nonhsat039582.2,l1649,5
nonhsat043887.2,l1650,5
nonhsat092855.2,l1651,5
nonhsat015165.2,l1652,5
nonhsat095717.2,l1653,5
nonhsat044208.2,l1654,5
nonhsat004700.2,l1655,5
nonhsat131958.2,l1656,5
nonhsat041898.2,l1657,5
nonhsat034218.2,l1658,5
nonhsat124436.2,l1659,5
nonhsat123061.2,l1660,5
nonhsat145455.2,l1661,5
nonhsat126956.2,l1662,5
nonhsat068744.2,l1663,5
nonhsat079651.2,l1664,5
nonhsat034263.2,l1665,5
nonhsat135743.2,l1666,5
nonhsat105448.2,l1667,5
nonhsat028659.2,l1668,5
nonhsat120307.2,l1669,5
nonhsat094684.2,l1670,5
nonhsat128189.2,l1671,5
nonhsat058882.2,l1672,5
nonhsat066808.2,l1673,5
nonhsat122561.2,l1674,5
nonhsat073821.2,l1675,5
nonhsat041927.2,l1676,5
nonhsat147835.2,l1677,5
nonhsat073817.2,l1678,5
nonhsat067569.2,l1679,5
nonhsat119518.2,l1680,5
nonhsat125265.2,l1681,5
nonhsat000108.2,l1682,5
nonhsat103374.2,l1683,5
nonhsat013639.2,l1684,5
nonhsat044134.2,l1685,5
nonhsat026291.2,l1686,5
nonhsat100053.2,l1687,5
nonhsat144857.2,l1688,5
nonhsat098044.2,l1689,5
nonhsat115733.2,l1690,5
nonhsat027463.2,l1691,5
nonhsat031120.2,l1692,5
nonhsat124614.2,l1693,5
nonhsat060370.2,l1694,5
nonhsat130404.2,l1695,5
nonhsat115652.2,l1696,5
nonhsat055129.2,l1697,5
nonhsat075801.2,l1698,5
nonhsat087418.2,l1699,5
nonhsat076186.2,l1700,5
nonhsat069615.2,l1701,5
nonhsat075169.2,l1702,5
nonhsat124385.2,l1703,5
nonhsat144678.2,l1704,5
nonhsat000416.2,l1705,5
nonhsat139337.2,l1706,5
nonhsat081958.2,l1707,5
nonhsat083214.2,l1708,5
nonhsat034295.2,l1709,5
nonhsat135509.2,l1710,5
nonhsat048046.2,l1711,5
nonhsat098765.2,l1712,5
nonhsat108367.2,l1713,5
nonhsat069814.2,l1714,5
nonhsat095146.2,l1715,5
nonhsat066049.2,l1716,5
nonhsat123136.2,l1717,5
nonhsat130005.2,l1718,5
nonhsat072363.2,l1719,5
nonhsat082239.2,l1720,5
nonhsat096694.2,l1721,5
nonhsat042255.2,l1722,5
nonhsat016234.2,l1723,5
nonhsat094687.2,l1724,5
nonhsat042257.2,l1725,5
nonhsat018186.2,l1726,5
nonhsat022469.2,l1727,5
nonhsat130429.2,l1728,5
nonhsat056350.2,l1729,5
nonhsat068245.2,l1730,5
nonhsat005430.2,l1731,5
nonhsat040988.2,l1732,5
nonhsat087271.2,l1733,5
nonhsat074679.2,l1734,5
nonhsat054454.2,l1735,5
nonhsat100968.2,l1736,5
nonhsat120209.2,l1737,5
nonhsat131616.2,l1738,5
nonhsat035915.2,l1739,5
nonhsat092342.2,l1740,5
nonhsat115734.2,l1741,5
nonhsat124106.2,l1742,5
nonhsat097985.2,l1743,5
nonhsat092080.2,l1744,5
nonhsat036395.2,l1745,5
nonhsat107901.2,l1746,5
nonhsat127058.2,l1747,5
nonhsat005180.2,l1748,5
nonhsat104695.2,l1749,5
nonhsat122593.2,l1750,5
nonhsat124267.2,l1751,5
nonhsat131127.2,l1752,5
nonhsat133255.2,l1753,5
nonhsat120258.2,l1754,5
nonhsat084621.2,l1755,5
nonhsat099968.2,l1756,5
nonhsat121201.2,l1757,5
nonhsat004818.2,l1758,5
nonhsat039751.2,l1759,5
nonhsat033969.2,l1760,5
nonhsat054798.2,l1761,5
nonhsat091589.2,l1762,5
nonhsat103600.2,l1763,5
nonhsat107038.2,l1764,5
nonhsat026202.2,l1765,5
nonhsat104493.2,l1766,5
nonhsat135078.2,l1767,5
nonhsat143557.2,l1768,5
nonhsat129080.2,l1769,5
nonhsat113677.2,l1770,5
nonhsat113465.2,l1771,5
nonhsat040969.2,l1772,5
nonhsat013096.2,l1773,5
nonhsat001945.2,l1774,5
nonhsat073620.2,l1775,5
nonhsat004417.2,l1776,5
nonhsat136354.2,l1777,5
nonhsat122150.2,l1778,5
nonhsat093003.2,l1779,5
nonhsat039419.2,l1780,5
nonhsat080548.2,l1781,5
nonhsat013501.2,l1782,5
nonhsat098048.2,l1783,5
nonhsat052368.2,l1784,5
nonhsat121998.2,l1785,5
nonhsat115429.2,l1786,5
nonhsat078882.2,l1787,5
nonhsat027274.2,l1788,5
nonhsat032361.2,l1789,5
nonhsat105522.2,l1790,5
nonhsat119372.2,l1791,5
nonhsat103135.2,l1792,5
nonhsat030091.2,l1793,5
nonhsat059750.2,l1794,5
nonhsat083463.2,l1795,5
nonhsat129647.2,l1796,5
nonhsat012538.2,l1797,5
nonhsat137326.2,l1798,5
nonhsat089915.2,l1799,5
nonhsat113194.2,l1800,5
nonhsat023638.2,l1801,5
nonhsat059173.2,l1802,5
nonhsat130346.2,l1803,5
nonhsat099046.2,l1804,5
nonhsat102823.2,l1805,5
nonhsat026070.2,l1806,5
nonhsat074544.2,l1807,5
nonhsat014068.2,l1808,5
nonhsat129412.2,l1809,5
nonhsat030139.2,l1810,5
nonhsat102289.2,l1811,5
nonhsat006254.2,l1812,5
nonhsat102442.2,l1813,5
nonhsat126987.2,l1814,5
nonhsat092546.2,l1815,5
nonhsat133739.2,l1816,5
nonhsat054990.2,l1817,5
nonhsat042161.2,l1818,5
nonhsat030961.2,l1819,5
nonhsat092037.2,l1820,5
nonhsat003885.2,l1821,5
nonhsat009754.2,l1822,5
nonhsat108471.2,l1823,5
nonhsat082353.2,l1824,5
nonhsat006185.2,l1825,5
nonhsat011709.2,l1826,5
nonhsat053224.2,l1827,5
nonhsat046812.2,l1828,5
nonhsat131300.2,l1829,5
nonhsat083445.2,l1830,5
nonhsat065864.2,l1831,5
nonhsat104080.2,l1832,5
nonhsat007660.2,l1833,5
nonhsat123221.2,l1834,5
nonhsat075142.2,l1835,5
nonhsat047130.2,l1836,5
nonhsat127201.2,l1837,5
nonhsat079622.2,l1838,5
nonhsat145950.2,l1839,5
nonhsat029248.2,l1840,5
nonhsat050195.2,l1841,5
nonhsat138537.2,l1842,5
nonhsat144017.2,l1843,5
nonhsat072081.2,l1844,5
nonhsat015639.2,l1845,5
nonhsat139215.2,l1846,5
nonhsat127313.2,l1847,5
nonhsat104556.2,l1848,5
nonhsat140369.2,l1849,5
nonhsat130953.2,l1850,5
nonhsat028295.2,l1851,5
nonhsat052944.2,l1852,5
nonhsat129026.2,l1853,5
nonhsat003470.2,l1854,5
nonhsat001993.2,l1855,5
nonhsat127056.2,l1856,5
nonhsat015218.2,l1857,5
nonhsat036690.2,l1858,5
nonhsat126950.2,l1859,5
nonhsat127621.2,l1860,5
nonhsat082006.2,l1861,5
nonhsat115892.2,l1862,5
nonhsat078217.2,l1863,5
nonhsat107929.2,l1864,5
nonhsat095672.2,l1865,5
nonhsat069763.2,l1866,5
nonhsat084423.2,l1867,5
nonhsat096268.2,l1868,5
nonhsat094568.2,l1869,5
nonhsat047755.2,l1870,5
nonhsat072052.2,l1871,5
nonhsat000786.2,l1872,5
nonhsat016036.2,l1873,5
nonhsat126113.2,l1874,5
nonhsat030153.2,l1875,5
nonhsat000009.2,l1876,5
nonhsat138545.2,l1877,5
nonhsat122547.2,l1878,5
nonhsat009563.2,l1879,5
nonhsat040790.2,l1880,5
nonhsat101110.2,l1881,5
nonhsat016413.2,l1882,5
nonhsat121498.2,l1883,5
nonhsat094669.2,l1884,5
nonhsat114469.2,l1885,5
nonhsat096686.2,l1886,5
nonhsat003716.2,l1887,5
nonhsat145510.2,l1888,5
nonhsat047863.2,l1889,5
nonhsat078008.2,l1890,5
nonhsat085064.2,l1891,5
nonhsat074784.2,l1892,5
nonhsat098196.2,l1893,5
nonhsat081927.2,l1894,5
nonhsat026882.2,l1895,5
nonhsat024536.2,l1896,5
nonhsat128193.2,l1897,5
nonhsat030457.2,l1898,5
nonhsat005206.2,l1899,5
nonhsat105161.2,l1900,5
nonhsat121511.2,l1901,5
nonhsat071979.2,l1902,5
nonhsat145953.2,l1903,5
nonhsat033844.2,l1904,5
nonhsat096080.2,l1905,5
nonhsat005724.2,l1906,5
nonhsat130006.2,l1907,5
nonhsat108445.2,l1908,5
nonhsat032281.2,l1909,5
nonhsat072520.2,l1910,5
nonhsat008275.2,l1911,5
nonhsat068374.2,l1912,5
nonhsat082246.2,l1913,5
nonhsat066956.2,l1914,5
nonhsat006133.2,l1915,5
nonhsat047923.2,l1916,5
nonhsat143568.2,l1917,5
nonhsat059613.2,l1918,5
nonhsat005533.2,l1919,5
nonhsat102296.2,l1920,5
nonhsat002205.2,l1921,5
nonhsat095954.2,l1922,5
nonhsat094182.2,l1923,5
nonhsat075998.2,l1924,5
nonhsat096086.2,l1925,5
nonhsat028415.2,l1926,5
nonhsat123585.2,l1927,5
nonhsat052774.2,l1928,5
nonhsat128404.2,l1929,5
nonhsat002540.2,l1930,5
nonhsat128188.2,l1931,5
nonhsat075707.2,l1932,5
nonhsat106648.2,l1933,5
nonhsat127891.2,l1934,5
nonhsat041930.2,l1935,5
nonhsat093966.2,l1936,5
nonhsat037556.2,l1937,5
nonhsat033788.2,l1938,5
nonhsat121535.2,l1939,5
nonhsat123385.2,l1940,5
nonhsat104499.2,l1941,5
nonhsat078918.2,l1942,5
nonhsat052575.2,l1943,5
nonhsat094029.2,l1944,5
nonhsat000157.2,l1945,5
nonhsat081531.2,l1946,5
nonhsat069816.2,l1947,5
nonhsat088450.2,l1948,5
nonhsat011123.2,l1949,5
nonhsat119714.2,l1950,5
nonhsat092690.2,l1951,5
nonhsat010460.2,l1952,5
nonhsat100712.2,l1953,5
nonhsat052826.2,l1954,5
nonhsat058721.2,l1955,5
nonhsat037936.2,l1956,5
nonhsat105925.2,l1957,5
nonhsat081935.2,l1958,5
nonhsat032698.2,l1959,5
nonhsat137005.2,l1960,5
nonhsat116067.2,l1961,5
nonhsat033606.2,l1962,5
nonhsat087871.2,l1963,5
nonhsat074576.2,l1964,5
nonhsat121236.2,l1965,5
nonhsat054895.2,l1966,5
nonhsat127374.2,l1967,5
nonhsat096929.2,l1968,5
nonhsat070592.2,l1969,5
nonhsat011908.2,l1970,5
nonhsat008225.2,l1971,5
nonhsat074042.2,l1972,5
nonhsat133346.2,l1973,5
nonhsat033103.2,l1974,5
nonhsat114476.2,l1975,5
nonhsat044059.2,l1976,5
nonhsat073816.2,l1977,5
nonhsat008664.2,l1978,5
nonhsat092040.2,l1979,5
nonhsat088941.2,l1980,5
nonhsat133313.2,l1981,5
nonhsat003604.2,l1982,5
nonhsat099965.2,l1983,5
nonhsat005505.2,l1984,5
nonhsat041817.2,l1985,5
nonhsat021478.2,l1986,5
nonhsat001263.2,l1987,5
nonhsat100800.2,l1988,5
nonhsat119135.2,l1989,5
nonhsat072807.2,l1990,5
nonhsat133716.2,l1991,5
nonhsat119809.2,l1992,5
nonhsat033355.2,l1993,5
nonhsat148016.2,l1994,5
nonhsat115288.2,l1995,5
nonhsat078037.2,l1996,5
nonhsat104697.2,l1997,5
nonhsat087115.2,l1998,5
nonhsat040980.2,l1999,5
nonhsat137902.2,l2000,5
nonhsat006710.2,l2001,5
nonhsat007037.2,l2002,5
nonhsat130996.2,l2003,5
nonhsat099967.2,l2004,5
nonhsat089399.2,l2005,5
nonhsat119502.2,l2006,5
nonhsat122625.2,l2007,5
nonhsat025227.2,l2008,5
nonhsat100917.2,l2009,5
nonhsat084422.2,l2010,5
nonhsat058766.2,l2011,5
nonhsat041714.2,l2012,5
nonhsat132848.2,l2013,5
nonhsat102802.2,l2014,5
nonhsat122723.2,l2015,5
nonhsat035297.2,l2016,5
nonhsat138016.2,l2017,5
nonhsat024790.2,l2018,5
nonhsat073814.2,l2019,5
nonhsat101622.2,l2020,5
nonhsat071649.2,l2021,5
nonhsat091419.2,l2022,5
nonhsat083762.2,l2023,5
nonhsat138818.2,l2024,5
nonhsat121038.2,l2025,5
nonhsat034483.2,l2026,5
nonhsat092148.2,l2027,5
nonhsat145965.2,l2028,5
nonhsat126957.2,l2029,5
nonhsat122115.2,l2030,5
nonhsat075940.2,l2031,5
nonhsat033662.2,l2032,5
nonhsat142582.2,l2033,5
nonhsat016928.2,l2034,5
nonhsat094090.2,l2035,5
nonhsat015341.2,l2036,5
nonhsat053762.2,l2037,5
nonhsat127292.2,l2038,5
nonhsat010899.2,l2039,5
nonhsat041253.2,l2040,5
nonhsat081708.2,l2041,5
nonhsat115417.2,l2042,5
nonhsat009409.2,l2043,5
nonhsat025386.2,l2044,5
nonhsat129039.2,l2045,5
nonhsat079748.2,l2046,5
nonhsat097571.2,l2047,5
nonhsat070401.2,l2048,5
nonhsat142011.2,l2049,5
nonhsat035905.2,l2050,5
nonhsat082319.2,l2051,5
nonhsat075989.2,l2052,5
nonhsat053844.2,l2053,5
nonhsat078002.2,l2054,5
nonhsat096640.2,l2055,5
nonhsat035489.2,l2056,5
nonhsat129361.2,l2057,5
nonhsat082242.2,l2058,5
nonhsat011004.2,l2059,5
nonhsat091038.2,l2060,5
nonhsat009808.2,l2061,5
nonhsat102457.2,l2062,5
nonhsat087201.2,l2063,5
nonhsat121111.2,l2064,5
nonhsat036457.2,l2065,5
nonhsat138743.2,l2066,5
nonhsat094555.2,l2067,5
nonhsat075762.2,l2068,5
nonhsat053070.2,l2069,5
nonhsat056679.2,l2070,5
nonhsat034726.2,l2071,5
nonhsat053069.2,l2072,5
nonhsat131979.2,l2073,5
nonhsat121283.2,l2074,5
nonhsat017922.2,l2075,5
nonhsat055267.2,l2076,5
nonhsat024858.2,l2077,5
nonhsat063997.2,l2078,5
nonhsat029964.2,l2079,5
nonhsat000771.2,l2080,5
nonhsat095886.2,l2081,5
nonhsat107501.2,l2082,5
nonhsat013937.2,l2083,5
nonhsat037897.2,l2084,5
nonhsat091421.2,l2085,5
nonhsat004624.2,l2086,5
nonhsat040781.2,l2087,5
nonhsat023788.2,l2088,5
nonhsat029652.2,l2089,5
nonhsat069957.2,l2090,5
nonhsat141955.2,l2091,5
nonhsat139740.2,l2092,5
nonhsat075798.2,l2093,5
nonhsat098687.2,l2094,5
nonhsat034955.2,l2095,5
nonhsat041988.2,l2096,5
nonhsat052808.2,l2097,5
nonhsat047861.2,l2098,5
nonhsat108582.2,l2099,5
nonhsat099872.2,l2100,5
nonhsat003132.2,l2101,5
nonhsat123384.2,l2102,5
nonhsat070324.2,l2103,5
nonhsat039428.2,l2104,5
nonhsat125161.2,l2105,5
nonhsat033790.2,l2106,5
nonhsat076793.2,l2107,5
nonhsat034478.2,l2108,5
nonhsat094455.2,l2109,5
nonhsat135135.2,l2110,5
nonhsat090919.2,l2111,5
nonhsat102002.2,l2112,5
nonhsat017995.2,l2113,5
nonhsat029094.2,l2114,5
nonhsat115703.2,l2115,5
nonhsat048175.2,l2116,5
nonhsat078941.2,l2117,5
nonhsat005301.2,l2118,5
nonhsat008230.2,l2119,5
nonhsat141525.2,l2120,5
nonhsat023660.2,l2121,5
nonhsat095797.2,l2122,5
nonhsat123741.2,l2123,5
nonhsat035522.2,l2124,5
nonhsat071171.2,l2125,5
nonhsat122841.2,l2126,5
nonhsat130467.2,l2127,5
nonhsat094915.2,l2128,5
nonhsat059017.2,l2129,5
nonhsat012822.2,l2130,5
nonhsat131638.2,l2131,5
nonhsat048052.2,l2132,5
nonhsat040802.2,l2133,5
nonhsat084382.2,l2134,5
nonhsat082351.2,l2135,5
nonhsat096695.2,l2136,5
nonhsat032279.2,l2137,5
nonhsat066905.2,l2138,5
nonhsat047700.2,l2139,5
nonhsat096372.2,l2140,5
nonhsat131932.2,l2141,5
nonhsat054304.2,l2142,5
nonhsat121387.2,l2143,5
nonhsat140670.2,l2144,5
nonhsat007787.2,l2145,5
nonhsat129417.2,l2146,5
nonhsat071390.2,l2147,5
nonhsat003175.2,l2148,5
nonhsat106528.2,l2149,5
nonhsat006480.2,l2150,5
nonhsat102743.2,l2151,5
nonhsat128169.2,l2152,5
nonhsat098625.2,l2153,5
nonhsat073165.2,l2154,5
nonhsat041249.2,l2155,5
nonhsat127620.2,l2156,5
nonhsat039454.2,l2157,5
nonhsat026230.2,l2158,5
nonhsat082487.2,l2159,5
nonhsat105477.2,l2160,5
nonhsat052790.2,l2161,5
nonhsat058426.2,l2162,5
nonhsat121221.2,l2163,5
nonhsat009599.2,l2164,5
nonhsat001162.2,l2165,5
nonhsat090755.2,l2166,5
nonhsat113679.2,l2167,5
nonhsat066640.2,l2168,5
nonhsat002679.2,l2169,5
nonhsat129553.2,l2170,5
nonhsat142607.2,l2171,5
nonhsat040039.2,l2172,5
nonhsat120262.2,l2173,5
nonhsat056598.2,l2174,5
nonhsat118966.2,l2175,5
nonhsat107479.2,l2176,5
nonhsat033438.2,l2177,5
nonhsat067602.2,l2178,5
nonhsat000372.2,l2179,5
nonhsat009920.2,l2180,5
nonhsat029458.2,l2181,5
nonhsat012532.2,l2182,5
nonhsat037814.2,l2183,5
nonhsat130334.2,l2184,5
nonhsat125142.2,l2185,5
nonhsat133697.2,l2186,5
nonhsat107044.2,l2187,5
nonhsat009689.2,l2188,5
nonhsat041027.2,l2189,5
nonhsat098084.2,l2190,5
nonhsat039166.2,l2191,5
nonhsat102088.2,l2192,5
nonhsat137492.2,l2193,5
nonhsat082321.2,l2194,5
nonhsat118801.2,l2195,5
nonhsat006788.2,l2196,5
nonhsat115713.2,l2197,5
nonhsat031824.2,l2198,5
nonhsat138761.2,l2199,5
nonhsat058937.2,l2200,5
nonhsat073970.2,l2201,5
nonhsat007119.2,l2202,5
nonhsat046901.2,l2203,5
nonhsat101921.2,l2204,5
nonhsat001963.2,l2205,5
nonhsat084637.2,l2206,5
nonhsat081395.2,l2207,5
nonhsat102807.2,l2208,5
nonhsat052265.2,l2209,5
nonhsat129073.2,l2210,5
nonhsat017862.2,l2211,5
nonhsat092227.2,l2212,5
nonhsat033743.2,l2213,5
nonhsat016408.2,l2214,5
nonhsat080392.2,l2215,5
nonhsat147818.2,l2216,5
nonhsat138976.2,l2217,5
nonhsat130434.2,l2218,5
nonhsat092042.2,l2219,5
nonhsat026833.2,l2220,5
nonhsat015961.2,l2221,5
nonhsat021676.2,l2222,5
nonhsat081089.2,l2223,5
nonhsat139157.2,l2224,5
nonhsat131189.2,l2225,5
nonhsat091769.2,l2226,5
nonhsat054275.2,l2227,5
nonhsat093240.2,l2228,5
nonhsat106933.2,l2229,5
nonhsat005151.2,l2230,5
nonhsat024232.2,l2231,5
nonhsat108992.2,l2232,5
nonhsat145937.2,l2233,5
nonhsat097804.2,l2234,5
nonhsat026383.2,l2235,5
nonhsat134601.2,l2236,5
nonhsat004532.2,l2237,5
nonhsat031917.2,l2238,5
nonhsat129020.2,l2239,5
nonhsat094270.2,l2240,5
nonhsat082414.2,l2241,5
nonhsat080588.2,l2242,5
nonhsat002771.2,l2243,5
nonhsat081613.2,l2244,5
nonhsat107321.2,l2245,5
nonhsat033826.2,l2246,5
nonhsat098649.2,l2247,5
nonhsat118751.2,l2248,5
nonhsat056514.2,l2249,5
nonhsat100211.2,l2250,5
nonhsat027516.2,l2251,5
nonhsat018823.2,l2252,5
nonhsat017009.2,l2253,5
nonhsat047999.2,l2254,5
nonhsat096119.2,l2255,5
nonhsat141025.2,l2256,5
nonhsat104637.2,l2257,5
nonhsat068742.2,l2258,5
nonhsat120596.2,l2259,5
nonhsat030092.2,l2260,5
nonhsat017060.2,l2261,5
nonhsat001523.2,l2262,5
nonhsat133833.2,l2263,5
nonhsat115380.2,l2264,5
nonhsat003726.2,l2265,5
nonhsat102608.2,l2266,5
nonhsat127467.2,l2267,5
nonhsat106589.2,l2268,5
nonhsat081595.2,l2269,5
nonhsat015183.2,l2270,5
nonhsat098766.2,l2271,5
nonhsat010129.2,l2272,5
nonhsat034426.2,l2273,5
nonhsat035959.2,l2274,5
nonhsat086838.2,l2275,5
nonhsat012820.2,l2276,5
nonhsat075758.2,l2277,5
nonhsat108917.2,l2278,5
nonhsat143945.2,l2279,5
nonhsat146396.2,l2280,5
nonhsat131125.2,l2281,5
nonhsat068717.2,l2282,5
nonhsat039524.2,l2283,5
nonhsat017400.2,l2284,5
nonhsat073202.2,l2285,5
nonhsat140723.2,l2286,5
nonhsat011546.2,l2287,5
nonhsat098487.2,l2288,5
nonhsat040595.2,l2289,5
nonhsat075710.2,l2290,5
nonhsat133786.2,l2291,5
nonhsat081499.2,l2292,5
nonhsat070518.2,l2293,5
nonhsat079004.2,l2294,5
nonhsat068135.2,l2295,5
nonhsat004785.2,l2296,5
nonhsat008249.2,l2297,5
nonhsat013600.2,l2298,5
nonhsat147969.2,l2299,5
nonhsat134322.2,l2300,5
nonhsat108120.2,l2301,5
nonhsat041463.2,l2302,5
nonhsat031937.2,l2303,5
nonhsat055515.2,l2304,5
nonhsat143401.2,l2305,5
nonhsat072608.2,l2306,5
nonhsat102797.2,l2307,5
nonhsat100622.2,l2308,5
nonhsat041796.2,l2309,5
nonhsat033347.2,l2310,5
nonhsat047991.2,l2311,5
nonhsat081892.2,l2312,5
nonhsat137527.2,l2313,5
nonhsat120402.2,l2314,5
nonhsat141928.2,l2315,5
nonhsat134602.2,l2316,5
nonhsat029869.2,l2317,5
nonhsat079210.2,l2318,5
nonhsat004595.2,l2319,5
nonhsat100950.2,l2320,5
nonhsat094799.2,l2321,5
nonhsat015462.2,l2322,5
nonhsat066035.2,l2323,5
nonhsat089265.2,l2324,5
nonhsat138156.2,l2325,5
nonhsat066369.2,l2326,5
nonhsat054945.2,l2327,5
nonhsat031956.2,l2328,5
nonhsat070869.2,l2329,5
nonhsat138823.2,l2330,5
nonhsat034768.2,l2331,5
nonhsat075283.2,l2332,5
nonhsat004992.2,l2333,5
nonhsat027515.2,l2334,5
nonhsat069808.2,l2335,5
nonhsat076899.2,l2336,5
nonhsat096618.2,l2337,5
nonhsat033865.2,l2338,5
nonhsat027208.2,l2339,5
nonhsat068494.2,l2340,5
nonhsat034821.2,l2341,5
nonhsat036311.2,l2342,5
nonhsat081123.2,l2343,5
nonhsat141823.2,l2344,5
nonhsat009877.2,l2345,5
nonhsat127431.2,l2346,5
nonhsat018549.2,l2347,5
nonhsat114453.2,l2348,5
nonhsat090320.2,l2349,5
nonhsat054306.2,l2350,5
nonhsat100055.2,l2351,5
nonhsat145752.2,l2352,5
nonhsat073901.2,l2353,5
nonhsat026329.2,l2354,5
nonhsat125546.2,l2355,5
nonhsat127141.2,l2356,5
nonhsat145886.2,l2357,5
nonhsat066637.2,l2358,5
nonhsat004632.2,l2359,5
nonhsat010086.2,l2360,5
nonhsat001933.2,l2361,5
nonhsat118836.2,l2362,5
nonhsat041962.2,l2363,5
nonhsat101276.2,l2364,5
nonhsat069135.2,l2365,5
nonhsat083449.2,l2366,5
nonhsat139628.2,l2367,5
nonhsat094425.2,l2368,5
nonhsat051856.2,l2369,5
nonhsat068156.2,l2370,5
nonhsat033599.2,l2371,5
nonhsat071835.2,l2372,5
nonhsat055131.2,l2373,5
nonhsat138196.2,l2374,5
nonhsat122914.2,l2375,5
nonhsat088639.2,l2376,5
nonhsat074041.2,l2377,5
nonhsat047248.2,l2378,5
nonhsat017458.2,l2379,5
nonhsat022389.2,l2380,5
nonhsat014054.2,l2381,5
nonhsat001403.2,l2382,5
nonhsat000201.2,l2383,5
nonhsat147803.2,l2384,5
nonhsat084054.2,l2385,5
nonhsat100481.2,l2386,5
nonhsat057004.2,l2387,5
nonhsat078900.2,l2388,5
nonhsat013470.2,l2389,5
nonhsat123370.2,l2390,5
nonhsat122606.2,l2391,5
nonhsat056714.2,l2392,5
nonhsat144274.2,l2393,5
nonhsat136260.2,l2394,5
nonhsat101244.2,l2395,5
nonhsat009549.2,l2396,5
nonhsat025148.2,l2397,5
nonhsat013940.2,l2398,5
nonhsat021344.2,l2399,5
nonhsat078314.2,l2400,5
nonhsat004190.2,l2401,5
nonhsat100164.2,l2402,5
nonhsat068290.2,l2403,5
nonhsat074043.2,l2404,5
nonhsat078845.2,l2405,5
nonhsat063971.2,l2406,5
nonhsat147816.2,l2407,5
nonhsat082458.2,l2408,5
nonhsat121669.2,l2409,5
nonhsat056474.2,l2410,5
nonhsat125630.2,l2411,5
nonhsat041004.2,l2412,5
nonhsat035212.2,l2413,5
nonhsat071267.2,l2414,5
nonhsat119097.2,l2415,5
nonhsat010902.2,l2416,5
nonhsat134756.2,l2417,5
nonhsat068731.2,l2418,5
nonhsat042196.2,l2419,5
nonhsat088319.2,l2420,5
nonhsat102912.2,l2421,5
nonhsat141661.2,l2422,5
nonhsat120458.2,l2423,5
nonhsat113139.2,l2424,5
nonhsat112460.2,l2425,5
nonhsat106655.2,l2426,5
nonhsat010557.2,l2427,5
nonhsat092093.2,l2428,5
nonhsat086745.2,l2429,5
nonhsat022018.2,l2430,5
nonhsat005619.2,l2431,5
nonhsat084602.2,l2432,5
nonhsat052035.2,l2433,5
nonhsat000162.2,l2434,5
nonhsat133196.2,l2435,5
nonhsat005231.2,l2436,5
nonhsat004411.2,l2437,5
nonhsat021908.2,l2438,5
nonhsat098132.2,l2439,5
nonhsat079661.2,l2440,5
nonhsat128584.2,l2441,5
nonhsat099431.2,l2442,5
nonhsat041069.2,l2443,5
nonhsat143422.2,l2444,5
nonhsat077838.2,l2445,5
nonhsat097990.2,l2446,5
nonhsat081686.2,l2447,5
nonhsat140999.2,l2448,5
nonhsat070568.2,l2449,5
nonhsat120204.2,l2450,5
nonhsat010722.2,l2451,5
nonhsat087672.2,l2452,5
nonhsat055342.2,l2453,5
nonhsat013498.2,l2454,5
nonhsat100283.2,l2455,5
nonhsat049700.2,l2456,5
nonhsat123401.2,l2457,5
nonhsat068818.2,l2458,5
nonhsat115209.2,l2459,5
nonhsat033305.2,l2460,5
nonhsat010774.2,l2461,5
nonhsat009976.2,l2462,5
nonhsat103648.2,l2463,5
nonhsat092559.2,l2464,5
nonhsat098129.2,l2465,5
nonhsat141063.2,l2466,5
nonhsat095515.2,l2467,5
nonhsat003055.2,l2468,5
nonhsat124015.2,l2469,5
nonhsat004485.2,l2470,5
nonhsat023378.2,l2471,5
nonhsat106932.2,l2472,5
nonhsat006136.2,l2473,5
nonhsat024372.2,l2474,5
nonhsat121633.2,l2475,5
nonhsat097398.2,l2476,5
nonhsat087546.2,l2477,5
nonhsat090970.2,l2478,5
nonhsat064112.2,l2479,5
nonhsat059059.2,l2480,5
nonhsat094494.2,l2481,5
nonhsat094933.2,l2482,5
nonhsat076664.2,l2483,5
nonhsat127091.2,l2484,5
nonhsat003825.2,l2485,5
nonhsat077535.2,l2486,5
nonhsat079849.2,l2487,5
nonhsat083925.2,l2488,5
nonhsat035381.2,l2489,5
nonhsat031447.2,l2490,5
nonhsat119635.2,l2491,5
nonhsat084616.2,l2492,5
nonhsat039199.2,l2493,5
nonhsat002817.2,l2494,5
nonhsat041836.2,l2495,5
nonhsat107637.2,l2496,5
nonhsat063877.2,l2497,5
nonhsat071164.2,l2498,5
nonhsat047228.2,l2499,5
nonhsat016414.2,l2500,5
nonhsat078683.2,l2501,5
nonhsat130008.2,l2502,5
nonhsat100802.2,l2503,5
nonhsat136259.2,l2504,5
nonhsat103127.2,l2505,5
nonhsat119434.2,l2506,5
nonhsat000117.2,l2507,5
nonhsat054298.2,l2508,5
nonhsat122458.2,l2509,5
nonhsat017356.2,l2510,5
nonhsat068173.2,l2511,5
nonhsat101283.2,l2512,5
nonhsat147884.2,l2513,5
nonhsat025106.2,l2514,5
nonhsat026922.2,l2515,5
nonhsat123879.2,l2516,5
nonhsat015494.2,l2517,5
nonhsat033296.2,l2518,5
nonhsat075639.2,l2519,5
nonhsat087195.2,l2520,5
nonhsat006105.2,l2521,5
nonhsat124972.2,l2522,5
nonhsat131088.2,l2523,5
nonhsat125018.2,l2524,5
nonhsat098071.2,l2525,5
nonhsat075751.2,l2526,5
nonhsat098272.2,l2527,5
nonhsat036206.2,l2528,5
nonhsat071494.2,l2529,5
nonhsat143674.2,l2530,5
nonhsat041279.2,l2531,5
nonhsat144129.2,l2532,5
nonhsat119655.2,l2533,5
nonhsat000539.2,l2534,5
nonhsat076063.2,l2535,5
nonhsat041273.2,l2536,5
nonhsat127587.2,l2537,5
nonhsat054307.2,l2538,5
nonhsat094608.2,l2539,5
nonhsat128604.2,l2540,5
nonhsat002954.2,l2541,5
nonhsat135444.2,l2542,5
nonhsat080112.2,l2543,5
nonhsat102909.2,l2544,5
nonhsat048465.2,l2545,5
nonhsat144402.2,l2546,5
nonhsat120055.2,l2547,5
nonhsat102588.2,l2548,5
nonhsat065778.2,l2549,5
nonhsat015135.2,l2550,5
nonhsat041932.2,l2551,5
nonhsat074150.2,l2552,5
nonhsat017096.2,l2553,5
nonhsat064307.2,l2554,5
nonhsat057011.2,l2555,5
nonhsat057218.2,l2556,5
nonhsat144766.2,l2557,5
nonhsat090345.2,l2558,5
nonhsat135233.2,l2559,5
nonhsat035952.2,l2560,5
nonhsat099434.2,l2561,5
nonhsat037624.2,l2562,5
nonhsat113950.2,l2563,5
nonhsat008756.2,l2564,5
nonhsat042446.2,l2565,5
nonhsat033789.2,l2566,5
nonhsat065863.2,l2567,5
nonhsat126065.2,l2568,5
nonhsat075423.2,l2569,5
nonhsat014162.2,l2570,5
nonhsat145920.2,l2571,5
nonhsat039159.2,l2572,5
nonhsat087316.2,l2573,5
nonhsat144252.2,l2574,5
nonhsat009902.2,l2575,5
nonhsat128025.2,l2576,5
nonhsat119402.2,l2577,5
nonhsat060248.2,l2578,5
nonhsat099251.2,l2579,5
nonhsat036318.2,l2580,5
nonhsat071766.2,l2581,5
nonhsat072203.2,l2582,5
nonhsat003530.2,l2583,5
nonhsat053369.2,l2584,5
nonhsat145448.2,l2585,5
nonhsat114850.2,l2586,5
nonhsat083966.2,l2587,5
nonhsat120899.2,l2588,5
nonhsat059481.2,l2589,5
nonhsat095885.2,l2590,5
nonhsat125034.2,l2591,5
nonhsat010195.2,l2592,5
nonhsat125498.2,l2593,5
nonhsat124782.2,l2594,5
nonhsat012531.2,l2595,5
nonhsat005480.2,l2596,5
nonhsat093126.2,l2597,5
nonhsat098085.2,l2598,5
nonhsat001501.2,l2599,5
nonhsat031994.2,l2600,5
nonhsat030943.2,l2601,5
nonhsat100288.2,l2602,5
nonhsat112236.2,l2603,5
nonhsat141072.2,l2604,5
nonhsat059144.2,l2605,5
nonhsat040327.2,l2606,5
nonhsat076545.2,l2607,5
nonhsat029339.2,l2608,5
nonhsat023309.2,l2609,5
nonhsat032526.2,l2610,5
nonhsat096719.2,l2611,5
nonhsat033244.2,l2612,5
nonhsat000115.2,l2613,5
nonhsat131185.2,l2614,5
nonhsat105151.2,l2615,5
nonhsat081303.2,l2616,5
nonhsat041711.2,l2617,5
nonhsat122778.2,l2618,5
nonhsat093167.2,l2619,5
nonhsat041248.2,l2620,5
nonhsat106547.2,l2621,5
nonhsat058440.2,l2622,5
nonhsat035181.2,l2623,5
nonhsat066050.2,l2624,5
nonhsat054070.2,l2625,5
nonhsat124589.2,l2626,5
nonhsat115946.2,l2627,5
nonhsat104904.2,l2628,5
nonhsat081938.2,l2629,5
nonhsat089900.2,l2630,5
nonhsat033274.2,l2631,5
nonhsat081035.2,l2632,5
