9606.ensp00000364709,p0,4
9606.ensp00000364731,p1,4
9606.ensp00000233838,p2,4
9606.ensp00000410294,p3,4
9606.ensp00000393312,p4,4
9606.ensp00000339824,p5,4
9606.ensp00000385035,p6,4
9606.ensp00000303830,p7,4
9606.ensp00000268035,p8,4
9606.ensp00000236671,p9,4
9606.ensp00000419425,p10,4
9606.ensp00000318868,p11,4
9606.ensp00000359539,p12,4
9606.ensp00000234111,p13,4
9606.ensp00000379845,p14,4
9606.ensp00000399415,p15,4
9606.ensp00000216392,p16,4
9606.ensp00000302620,p17,4
9606.ensp00000443459,p18,4
9606.ensp00000322991,p19,4
9606.ensp00000164139,p20,4
9606.ensp00000403644,p21,4
9606.ensp00000355536,p22,4
9606.ensp00000365777,p23,4
9606.ensp00000236959,p24,4
9606.ensp00000354511,p25,4
9606.ensp00000320171,p26,4
9606.ensp00000465734,p27,4
9606.ensp00000261187,p28,4
9606.ensp00000463978,p29,4
9606.ensp00000441065,p30,4
9606.ensp00000370571,p31,4
9606.ensp00000448059,p32,4
9606.ensp00000303211,p33,4
9606.ensp00000264381,p34,4
9606.ensp00000407546,p35,4
9606.ensp00000327251,p36,4
9606.ensp00000297494,p37,4
9606.ensp00000376776,p38,4
9606.ensp00000355601,p39,4
9606.ensp00000264162,p40,4
9606.ensp00000420194,p41,4
9606.ensp00000358301,p42,4
9606.ensp00000305372,p43,4
9606.ensp00000333019,p44,4
9606.ensp00000381057,p45,4
9606.ensp00000261267,p46,4
9606.ensp00000349446,p47,4
9606.ensp00000379895,p48,4
9606.ensp00000307900,p49,4
9606.ensp00000332116,p50,4
9606.ensp00000362608,p51,4
9606.ensp00000345502,p52,4
9606.ensp00000304229,p53,4
9606.ensp00000408025,p54,4
9606.ensp00000286621,p55,4
9606.ensp00000384763,p56,4
9606.ensp00000459962,p57,4
9606.ensp00000385523,p58,4
9606.ensp00000447149,p59,4
9606.ensp00000310928,p60,4
9606.ensp00000287820,p61,4
9606.ensp00000419692,p62,4
9606.ensp00000325312,p63,4
9606.ensp00000362576,p64,4
9606.ensp00000264932,p65,4
9606.ensp00000369055,p66,4
9606.ensp00000280612,p67,4
9606.ensp00000360608,p68,4
9606.ensp00000263269,p69,4
9606.ensp00000477455,p70,4
9606.ensp00000293190,p71,4
9606.ensp00000234389,p72,4
9606.ensp00000428994,p73,4
9606.ensp00000355155,p74,4
9606.ensp00000379818,p75,4
9606.ensp00000397026,p76,4
9606.ensp00000296526,p77,4
9606.ensp00000481554,p78,4
9606.ensp00000216951,p79,4
9606.ensp00000221130,p80,4
9606.ensp00000311469,p81,4
9606.ensp00000358851,p82,4
9606.ensp00000381607,p83,4
9606.ensp00000407375,p84,4
9606.ensp00000362463,p85,4
9606.ensp00000295256,p86,4
9606.ensp00000420168,p87,4
9606.ensp00000335620,p88,4
9606.ensp00000285930,p89,4
9606.ensp00000361405,p90,4
9606.ensp00000337915,p91,4
9606.ensp00000408695,p92,4
9606.ensp00000264428,p93,4
9606.ensp00000274093,p94,4
9606.ensp00000411593,p95,4
9606.ensp00000243389,p96,4
9606.ensp00000302111,p97,4
9606.ensp00000447173,p98,4
9606.ensp00000477999,p99,4
9606.ensp00000199936,p100,4
9606.ensp00000296412,p101,4
9606.ensp00000358421,p102,4
9606.ensp00000370254,p103,4
9606.ensp00000316786,p104,4
9606.ensp00000261733,p105,4
9606.ensp00000466799,p106,4
9606.ensp00000369822,p107,4
9606.ensp00000263321,p108,4
9606.ensp00000355995,p109,4
9606.ensp00000396308,p110,4
9606.ensp00000358903,p111,4
9606.ensp00000306606,p112,4
9606.ensp00000311095,p113,4
9606.ensp00000445175,p114,4
9606.ensp00000426083,p115,4
9606.ensp00000354687,p116,4
9606.ensp00000229239,p117,4
9606.ensp00000287936,p118,4
9606.ensp00000369927,p119,4
9606.ensp00000263368,p120,4
9606.ensp00000370129,p121,4
9606.ensp00000222286,p122,4
9606.ensp00000321584,p123,4
9606.ensp00000216117,p124,4
9606.ensp00000345096,p125,4
9606.ensp00000356438,p126,4
9606.ensp00000354612,p127,4
9606.ensp00000255858,p128,4
9606.ensp00000363512,p129,4
9606.ensp00000478755,p130,4
9606.ensp00000215812,p131,4
9606.ensp00000305355,p132,4
9606.ensp00000336528,p133,4
9606.ensp00000378426,p134,4
9606.ensp00000308541,p135,4
9606.ensp00000218099,p136,4
9606.ensp00000234071,p137,4
9606.ensp00000319788,p138,4
9606.ensp00000361423,p139,4
9606.ensp00000303960,p140,4
9606.ensp00000373700,p141,4
9606.ensp00000451828,p142,4
9606.ensp00000281456,p143,4
9606.ensp00000263817,p144,4
9606.ensp00000478255,p145,4
9606.ensp00000359478,p146,4
9606.ensp00000205557,p147,4
9606.ensp00000366084,p148,4
9606.ensp00000382342,p149,4
9606.ensp00000003084,p150,4
9606.ensp00000263967,p151,4
9606.ensp00000217244,p152,4
9606.ensp00000261707,p153,4
9606.ensp00000262186,p154,4
9606.ensp00000298472,p155,4
9606.ensp00000270349,p156,4
9606.ensp00000219833,p157,4
9606.ensp00000369960,p158,4
9606.ensp00000306662,p159,4
9606.ensp00000368766,p160,4
9606.ensp00000280155,p161,4
9606.ensp00000480573,p162,4
9606.ensp00000386069,p163,4
9606.ensp00000343782,p164,4
9606.ensp00000354859,p165,4
9606.ensp00000367309,p166,4
9606.ensp00000340684,p167,4
9606.ensp00000359285,p168,4
9606.ensp00000357461,p169,4
9606.ensp00000385026,p170,4
9606.ensp00000315602,p171,4
9606.ensp00000312663,p172,4
9606.ensp00000250699,p173,4
9606.ensp00000261751,p174,4
9606.ensp00000379683,p175,4
9606.ensp00000393097,p176,4
9606.ensp00000421828,p177,4
9606.ensp00000359337,p178,4
9606.ensp00000264318,p179,4
9606.ensp00000335592,p180,4
9606.ensp00000274545,p181,4
9606.ensp00000295454,p182,4
9606.ensp00000274547,p183,4
9606.ensp00000308725,p184,4
9606.ensp00000367848,p185,4
9606.ensp00000359353,p186,4
9606.ensp00000295452,p187,4
9606.ensp00000410732,p188,4
9606.ensp00000479113,p189,4
9606.ensp00000430100,p190,4
9606.ensp00000469332,p191,4
9606.ensp00000379563,p192,4
9606.ensp00000394624,p193,4
9606.ensp00000276198,p194,4
9606.ensp00000265572,p195,4
9606.ensp00000234961,p196,4
9606.ensp00000255380,p197,4
9606.ensp00000306490,p198,4
9606.ensp00000377424,p199,4
9606.ensp00000355904,p200,4
9606.ensp00000384851,p201,4
9606.ensp00000353720,p202,4
9606.ensp00000356205,p203,4
9606.ensp00000336630,p204,4
9606.ensp00000352608,p205,4
9606.ensp00000243052,p206,4
9606.ensp00000438284,p207,4
9606.ensp00000370078,p208,4
9606.ensp00000347689,p209,4
9606.ensp00000334910,p210,4
9606.ensp00000351957,p211,4
9606.ensp00000347046,p212,4
9606.ensp00000366563,p213,4
9606.ensp00000307259,p214,4
9606.ensp00000388510,p215,4
9606.ensp00000332296,p216,4
9606.ensp00000352900,p217,4
9606.ensp00000363817,p218,4
9606.ensp00000254066,p219,4
9606.ensp00000262623,p220,4
9606.ensp00000379822,p221,4
9606.ensp00000380247,p222,4
9606.ensp00000363748,p223,4
9606.ensp00000358963,p224,4
9606.ensp00000322924,p225,4
9606.ensp00000316244,p226,4
9606.ensp00000307766,p227,4
9606.ensp00000258400,p228,4
9606.ensp00000337949,p229,4
9606.ensp00000376432,p230,4
9606.ensp00000349252,p231,4
9606.ensp00000430432,p232,4
9606.ensp00000262888,p233,4
9606.ensp00000371985,p234,4
9606.ensp00000421326,p235,4
9606.ensp00000215375,p236,4
9606.ensp00000412673,p237,4
9606.ensp00000386029,p238,4
9606.ensp00000481321,p239,4
9606.ensp00000300738,p240,4
9606.ensp00000354532,p241,4
9606.ensp00000266376,p242,4
9606.ensp00000288139,p243,4
9606.ensp00000365441,p244,4
9606.ensp00000355192,p245,4
9606.ensp00000377840,p246,4
9606.ensp00000320025,p247,4
9606.ensp00000301050,p248,4
9606.ensp00000438949,p249,4
9606.ensp00000430684,p250,4
9606.ensp00000225275,p251,4
9606.ensp00000377353,p252,4
9606.ensp00000306129,p253,4
9606.ensp00000437737,p254,4
9606.ensp00000373169,p255,4
9606.ensp00000176183,p256,4
9606.ensp00000347754,p257,4
9606.ensp00000289753,p258,4
9606.ensp00000399745,p259,4
9606.ensp00000409378,p260,4
9606.ensp00000372750,p261,4
9606.ensp00000410257,p262,4
9606.ensp00000303540,p263,4
9606.ensp00000283254,p264,4
9606.ensp00000405330,p265,4
9606.ensp00000343925,p266,4
9606.ensp00000399968,p267,4
9606.ensp00000363822,p268,4
9606.ensp00000369816,p269,4
9606.ensp00000349320,p270,4
9606.ensp00000334198,p271,4
9606.ensp00000418081,p272,4
9606.ensp00000285379,p273,4
9606.ensp00000300900,p274,4
9606.ensp00000430656,p275,4
9606.ensp00000285381,p276,4
9606.ensp00000419422,p277,4
9606.ensp00000355759,p278,4
9606.ensp00000264637,p279,4
9606.ensp00000379904,p280,4
9606.ensp00000394936,p281,4
9606.ensp00000390600,p282,4
9606.ensp00000386306,p283,4
9606.ensp00000275493,p284,4
9606.ensp00000396320,p285,4
9606.ensp00000259396,p286,4
9606.ensp00000325120,p287,4
9606.ensp00000226021,p288,4
9606.ensp00000345708,p289,4
9606.ensp00000345659,p290,4
9606.ensp00000364586,p291,4
9606.ensp00000243167,p292,4
9606.ensp00000366506,p293,4
9606.ensp00000256906,p294,4
9606.ensp00000277010,p295,4
9606.ensp00000383364,p296,4
9606.ensp00000332812,p297,4
9606.ensp00000242057,p298,4
9606.ensp00000352011,p299,4
9606.ensp00000286628,p300,4
9606.ensp00000251595,p301,4
9606.ensp00000264498,p302,4
9606.ensp00000306361,p303,4
9606.ensp00000274192,p304,4
9606.ensp00000360423,p305,4
9606.ensp00000353362,p306,4
9606.ensp00000385019,p307,4
9606.ensp00000445306,p308,4
9606.ensp00000350815,p309,4
9606.ensp00000231509,p310,4
9606.ensp00000261937,p311,4
9606.ensp00000251849,p312,4
9606.ensp00000263923,p313,4
9606.ensp00000288602,p314,4
9606.ensp00000241453,p315,4
9606.ensp00000261799,p316,4
9606.ensp00000288135,p317,4
9606.ensp00000347942,p318,4
9606.ensp00000282397,p319,4
9606.ensp00000365686,p320,4
9606.ensp00000417085,p321,4
9606.ensp00000369375,p322,4
9606.ensp00000325822,p323,4
9606.ensp00000477587,p324,4
9606.ensp00000315644,p325,4
9606.ensp00000282249,p326,4
9606.ensp00000478425,p327,4
9606.ensp00000402152,p328,4
9606.ensp00000368727,p329,4
9606.ensp00000360939,p330,4
9606.ensp00000411532,p331,4
9606.ensp00000358513,p332,4
9606.ensp00000363596,p333,4
9606.ensp00000478492,p334,4
9606.ensp00000291295,p335,4
9606.ensp00000344220,p336,4
9606.ensp00000384881,p337,4
9606.ensp00000237612,p338,4
9606.ensp00000367102,p339,4
9606.ensp00000337335,p340,4
9606.ensp00000301891,p341,4
9606.ensp00000361666,p342,4
9606.ensp00000295897,p343,4
9606.ensp00000318820,p344,4
9606.ensp00000323929,p345,4
9606.ensp00000385834,p346,4
9606.ensp00000301071,p347,4
9606.ensp00000341289,p348,4
9606.ensp00000339001,p349,4
9606.ensp00000248437,p350,4
9606.ensp00000367608,p351,4
9606.ensp00000245407,p352,4
9606.ensp00000200652,p353,4
9606.ensp00000290866,p354,4
9606.ensp00000356436,p355,4
9606.ensp00000366109,p356,4
9606.ensp00000296511,p357,4
9606.ensp00000361850,p358,4
9606.ensp00000353915,p359,4
9606.ensp00000263025,p360,4
9606.ensp00000352584,p361,4
9606.ensp00000398698,p362,4
9606.ensp00000280097,p363,4
9606.ensp00000335153,p364,4
9606.ensp00000299767,p365,4
9606.ensp00000286301,p366,4
9606.ensp00000257290,p367,4
9606.ensp00000292427,p368,4
9606.ensp00000303522,p369,4
9606.ensp00000396704,p370,4
9606.ensp00000360522,p371,4
9606.ensp00000224356,p372,4
9606.ensp00000354522,p373,4
9606.ensp00000291700,p374,4
9606.ensp00000357688,p375,4
9606.ensp00000357697,p376,4
9606.ensp00000292513,p377,4
9606.ensp00000380281,p378,4
9606.ensp00000354632,p379,4
9606.ensp00000355231,p380,4
9606.ensp00000322788,p381,4
9606.ensp00000219070,p382,4
9606.ensp00000299855,p383,4
9606.ensp00000236826,p384,4
9606.ensp00000458585,p385,4
9606.ensp00000260302,p386,4
9606.ensp00000312286,p387,4
9606.ensp00000323926,p388,4
9606.ensp00000262209,p389,4
9606.ensp00000301365,p390,4
9606.ensp00000232975,p391,4
9606.ensp00000356959,p392,4
9606.ensp00000226730,p393,4
9606.ensp00000383003,p394,4
9606.ensp00000354558,p395,4
9606.ensp00000350024,p396,4
9606.ensp00000406050,p397,4
9606.ensp00000260191,p398,4
9606.ensp00000371929,p399,4
9606.ensp00000322617,p400,4
9606.ensp00000349003,p401,4
9606.ensp00000315011,p402,4
9606.ensp00000269305,p403,4
9606.ensp00000358983,p404,4
9606.ensp00000226574,p405,4
9606.ensp00000360317,p406,4
9606.ensp00000342007,p407,4
9606.ensp00000360372,p408,4
9606.ensp00000361965,p409,4
9606.ensp00000265421,p410,4
9606.ensp00000270142,p411,4
9606.ensp00000298556,p412,4
9606.ensp00000366233,p413,4
9606.ensp00000259455,p414,4
9606.ensp00000003100,p415,4
9606.ensp00000240662,p416,4
9606.ensp00000263341,p417,4
9606.ensp00000478570,p418,4
9606.ensp00000433138,p419,4
9606.ensp00000311032,p420,4
9606.ensp00000307786,p421,4
9606.ensp00000352516,p422,4
9606.ensp00000256958,p423,4
9606.ensp00000305974,p424,4
9606.ensp00000261196,p425,4
9606.ensp00000289575,p426,4
9606.ensp00000381185,p427,4
9606.ensp00000274024,p428,4
9606.ensp00000357712,p429,4
9606.ensp00000215832,p430,4
9606.ensp00000320866,p431,4
9606.ensp00000353731,p432,4
9606.ensp00000291294,p433,4
9606.ensp00000219240,p434,4
9606.ensp00000356671,p435,4
9606.ensp00000480791,p436,4
9606.ensp00000296271,p437,4
9606.ensp00000359793,p438,4
9606.ensp00000434516,p439,4
9606.ensp00000362649,p440,4
9606.ensp00000363089,p441,4
9606.ensp00000228740,p442,4
9606.ensp00000216629,p443,4
9606.ensp00000241052,p444,4
9606.ensp00000217133,p445,4
9606.ensp00000362680,p446,4
9606.ensp00000337825,p447,4
9606.ensp00000483570,p448,4
9606.ensp00000350896,p449,4
9606.ensp00000428924,p450,4
9606.ensp00000229795,p451,4
9606.ensp00000269571,p452,4
9606.ensp00000222381,p453,4
9606.ensp00000264613,p454,4
9606.ensp00000264933,p455,4
9606.ensp00000226413,p456,4
9606.ensp00000353224,p457,4
9606.ensp00000362674,p458,4
9606.ensp00000307199,p459,4
9606.ensp00000366482,p460,4
9606.ensp00000273550,p461,4
9606.ensp00000305480,p462,4
9606.ensp00000347170,p463,4
9606.ensp00000284503,p464,4
9606.ensp00000378669,p465,4
9606.ensp00000339063,p466,4
9606.ensp00000337060,p467,4
9606.ensp00000327801,p468,4
9606.ensp00000262746,p469,4
9606.ensp00000229270,p470,4
9606.ensp00000245185,p471,4
9606.ensp00000264606,p472,4
9606.ensp00000255040,p473,4
9606.ensp00000457539,p474,4
9606.ensp00000333994,p475,4
9606.ensp00000416066,p476,4
9606.ensp00000342850,p477,4
9606.ensp00000215727,p478,4
9606.ensp00000237014,p479,4
9606.ensp00000284981,p480,4
9606.ensp00000385216,p481,4
9606.ensp00000478561,p482,4
9606.ensp00000222002,p483,4
9606.ensp00000269582,p484,4
9606.ensp00000378972,p485,4
9606.ensp00000320295,p486,4
9606.ensp00000342056,p487,4
9606.ensp00000324806,p488,4
9606.ensp00000266970,p489,4
9606.ensp00000352121,p490,4
9606.ensp00000364907,p491,4
9606.ensp00000356070,p492,4
9606.ensp00000419782,p493,4
9606.ensp00000378699,p494,4
9606.ensp00000356198,p495,4
9606.ensp00000349687,p496,4
9606.ensp00000485444,p497,4
9606.ensp00000369050,p498,4
9606.ensp00000223366,p499,4
9606.ensp00000402103,p500,4
9606.ensp00000330484,p501,4
9606.ensp00000481450,p502,4
9606.ensp00000354610,p503,4
9606.ensp00000380489,p504,4
9606.ensp00000358223,p505,4
9606.ensp00000216911,p506,4
9606.ensp00000309591,p507,4
9606.ensp00000011292,p508,4
9606.ensp00000354499,p509,4
9606.ensp00000452786,p510,4
9606.ensp00000416293,p511,4
9606.ensp00000290349,p512,4
9606.ensp00000231751,p513,4
9606.ensp00000265769,p514,4
9606.ensp00000354280,p515,4
9606.ensp00000308720,p516,4
9606.ensp00000301420,p517,4
9606.ensp00000359211,p518,4
9606.ensp00000419970,p519,4
9606.ensp00000228476,p520,4
9606.ensp00000368066,p521,4
9606.ensp00000483018,p522,4
9606.ensp00000361140,p523,4
9606.ensp00000265734,p524,4
9606.ensp00000257904,p525,4
9606.ensp00000363079,p526,4
9606.ensp00000364145,p527,4
9606.ensp00000440005,p528,4
9606.ensp00000317159,p529,4
9606.ensp00000354554,p530,4
9606.ensp00000203407,p531,4
9606.ensp00000268379,p532,4
9606.ensp00000309565,p533,4
9606.ensp00000367939,p534,4
9606.ensp00000306397,p535,4
9606.ensp00000430494,p536,4
9606.ensp00000332887,p537,4
9606.ensp00000381736,p538,4
9606.ensp00000262030,p539,4
9606.ensp00000215754,p540,4
9606.ensp00000417222,p541,4
9606.ensp00000307940,p542,4
9606.ensp00000352157,p543,4
9606.ensp00000304802,p544,4
9606.ensp00000355645,p545,4
9606.ensp00000470298,p546,4
9606.ensp00000346768,p547,4
9606.ensp00000364257,p548,4
9606.ensp00000467262,p549,4
9606.ensp00000334061,p550,4
9606.ensp00000302486,p551,4
9606.ensp00000361548,p552,4
9606.ensp00000366416,p553,4
9606.ensp00000388648,p554,4
9606.ensp00000253727,p555,4
9606.ensp00000477707,p556,4
9606.ensp00000303423,p557,4
9606.ensp00000246166,p558,4
9606.ensp00000349078,p559,4
9606.ensp00000282841,p560,4
9606.ensp00000379696,p561,4
9606.ensp00000317272,p562,4
9606.ensp00000343204,p563,4
9606.ensp00000371067,p564,4
9606.ensp00000350198,p565,4
9606.ensp00000293897,p566,4
9606.ensp00000405573,p567,4
9606.ensp00000308938,p568,4
9606.ensp00000329374,p569,4
9606.ensp00000385675,p570,4
9606.ensp00000360609,p571,4
9606.ensp00000384957,p572,4
9606.ensp00000264870,p573,4
9606.ensp00000353393,p574,4
9606.ensp00000333926,p575,4
9606.ensp00000222382,p576,4
9606.ensp00000222982,p577,4
9606.ensp00000480571,p578,4
9606.ensp00000440689,p579,4
9606.ensp00000260682,p580,4
9606.ensp00000353820,p581,4
9606.ensp00000304845,p582,4
9606.ensp00000357981,p583,4
9606.ensp00000364133,p584,4
9606.ensp00000402084,p585,4
9606.ensp00000300093,p586,4
9606.ensp00000362353,p587,4
9606.ensp00000260116,p588,4
9606.ensp00000256104,p589,4
9606.ensp00000285979,p590,4
9606.ensp00000216862,p591,4
9606.ensp00000363832,p592,4
9606.ensp00000360247,p593,4
9606.ensp00000268053,p594,4
9606.ensp00000324648,p595,4
9606.ensp00000301141,p596,4
9606.ensp00000332679,p597,4
9606.ensp00000341045,p598,4
9606.ensp00000418532,p599,4
9606.ensp00000362508,p600,4
9606.ensp00000303174,p601,4
9606.ensp00000343838,p602,4
9606.ensp00000304811,p603,4
9606.ensp00000286648,p604,4
9606.ensp00000356729,p605,4
9606.ensp00000286479,p606,4
9606.ensp00000305221,p607,4
9606.ensp00000379038,p608,4
9606.ensp00000312304,p609,4
9606.ensp00000481732,p610,4
9606.ensp00000270776,p611,4
9606.ensp00000221700,p612,4
9606.ensp00000216254,p613,4
9606.ensp00000418525,p614,4
9606.ensp00000285238,p615,4
9606.ensp00000245312,p616,4
9606.ensp00000216540,p617,4
9606.ensp00000361608,p618,4
9606.ensp00000357844,p619,4
9606.ensp00000311291,p620,4
9606.ensp00000355920,p621,4
9606.ensp00000355930,p622,4
9606.ensp00000275300,p623,4
9606.ensp00000378230,p624,4
9606.ensp00000365413,p625,4
9606.ensp00000444149,p626,4
9606.ensp00000309741,p627,4
9606.ensp00000217159,p628,4
9606.ensp00000261622,p629,4
9606.ensp00000320634,p630,4
9606.ensp00000270570,p631,4
9606.ensp00000326671,p632,4
9606.ensp00000264784,p633,4
9606.ensp00000366525,p634,4
9606.ensp00000258962,p635,4
9606.ensp00000399797,p636,4
9606.ensp00000400142,p637,4
9606.ensp00000385269,p638,4
9606.ensp00000338173,p639,4
9606.ensp00000290341,p640,4
9606.ensp00000349428,p641,4
9606.ensp00000254108,p642,4
9606.ensp00000474096,p643,4
9606.ensp00000401371,p644,4
9606.ensp00000220592,p645,4
9606.ensp00000355094,p646,4
9606.ensp00000258729,p647,4
9606.ensp00000240185,p648,4
9606.ensp00000371634,p649,4
9606.ensp00000451818,p650,4
9606.ensp00000362300,p651,4
9606.ensp00000362287,p652,4
9606.ensp00000362306,p653,4
9606.ensp00000413035,p654,4
9606.ensp00000379144,p655,4
9606.ensp00000401946,p656,4
9606.ensp00000336783,p657,4
9606.ensp00000302150,p658,4
9606.ensp00000448323,p659,4
9606.ensp00000308546,p660,4
9606.ensp00000424870,p661,4
9606.ensp00000329357,p662,4
9606.ensp00000358563,p663,4
9606.ensp00000328773,p664,4
9606.ensp00000422626,p665,4
9606.ensp00000391826,p666,4
9606.ensp00000351446,p667,4
9606.ensp00000384092,p668,4
9606.ensp00000362361,p669,4
9606.ensp00000342181,p670,4
9606.ensp00000341826,p671,4
9606.ensp00000409799,p672,4
9606.ensp00000346088,p673,4
9606.ensp00000379097,p674,4
9606.ensp00000417601,p675,4
9606.ensp00000267884,p676,4
9606.ensp00000396620,p677,4
9606.ensp00000317691,p678,4
9606.ensp00000385787,p679,4
9606.ensp00000386636,p680,4
9606.ensp00000240055,p681,4
9606.ensp00000262419,p682,4
9606.ensp00000465213,p683,4
9606.ensp00000226796,p684,4
9606.ensp00000378769,p685,4
9606.ensp00000222390,p686,4
9606.ensp00000360922,p687,4
9606.ensp00000361021,p688,4
9606.ensp00000326031,p689,4
9606.ensp00000348234,p690,4
9606.ensp00000298910,p691,4
9606.ensp00000318966,p692,4
9606.ensp00000300659,p693,4
9606.ensp00000309572,p694,4
9606.ensp00000309749,p695,4
9606.ensp00000479618,p696,4
9606.ensp00000480421,p697,4
9606.ensp00000451291,p698,4
9606.ensp00000478982,p699,4
9606.ensp00000356840,p700,4
9606.ensp00000312066,p701,4
9606.ensp00000304353,p702,4
9606.ensp00000345702,p703,4
9606.ensp00000345571,p704,4
9606.ensp00000305230,p705,4
9606.ensp00000343619,p706,4
9606.ensp00000363314,p707,4
9606.ensp00000344401,p708,4
9606.ensp00000375892,p709,4
9606.ensp00000263826,p710,4
9606.ensp00000300305,p711,4
9606.ensp00000245919,p712,4
9606.ensp00000216714,p713,4
9606.ensp00000340900,p714,4
9606.ensp00000332293,p715,4
9606.ensp00000376204,p716,4
9606.ensp00000344352,p717,4
9606.ensp00000336790,p718,4
9606.ensp00000304676,p719,4
9606.ensp00000376902,p720,4
9606.ensp00000250405,p721,4
9606.ensp00000384371,p722,4
9606.ensp00000303507,p723,4
9606.ensp00000365851,p724,4
9606.ensp00000368104,p725,4
9606.ensp00000245451,p726,4
9606.ensp00000283147,p727,4
9606.ensp00000361107,p728,4
9606.ensp00000401907,p729,4
9606.ensp00000418960,p730,4
9606.ensp00000263377,p731,4
9606.ensp00000378181,p732,4
9606.ensp00000296435,p733,4
9606.ensp00000415151,p734,4
9606.ensp00000216133,p735,4
9606.ensp00000227507,p736,4
9606.ensp00000353864,p737,4
9606.ensp00000418915,p738,4
9606.ensp00000231656,p739,4
9606.ensp00000370408,p740,4
9606.ensp00000427514,p741,4
9606.ensp00000305422,p742,4
9606.ensp00000386165,p743,4
9606.ensp00000387699,p744,4
9606.ensp00000262367,p745,4
9606.ensp00000264010,p746,4
9606.ensp00000344456,p747,4
9606.ensp00000353401,p748,4
9606.ensp00000284878,p749,4
9606.ensp00000448665,p750,4
9606.ensp00000225792,p751,4
9606.ensp00000368667,p752,4
9606.ensp00000478754,p753,4
9606.ensp00000256495,p754,4
9606.ensp00000222598,p755,4
9606.ensp00000264709,p756,4
9606.ensp00000328547,p757,4
9606.ensp00000344432,p758,4
9606.ensp00000436901,p759,4
9606.ensp00000257600,p760,4
9606.ensp00000355249,p761,4
9606.ensp00000262904,p762,4
9606.ensp00000370936,p763,4
9606.ensp00000323246,p764,4
9606.ensp00000263360,p765,4
9606.ensp00000239938,p766,4
9606.ensp00000242480,p767,4
9606.ensp00000318057,p768,4
9606.ensp00000435835,p769,4
9606.ensp00000364678,p770,4
9606.ensp00000264661,p771,4
9606.ensp00000328813,p772,4
9606.ensp00000433205,p773,4
9606.ensp00000450962,p774,4
9606.ensp00000263253,p775,4
9606.ensp00000263734,p776,4
9606.ensp00000376436,p777,4
9606.ensp00000353344,p778,4
9606.ensp00000321835,p779,4
9606.ensp00000306894,p780,4
9606.ensp00000320147,p781,4
9606.ensp00000471477,p782,4
9606.ensp00000306245,p783,4
9606.ensp00000310170,p784,4
9606.ensp00000400341,p785,4
9606.ensp00000360157,p786,4
9606.ensp00000259806,p787,4
9606.ensp00000323880,p788,4
9606.ensp00000342307,p789,4
9606.ensp00000368880,p790,4
9606.ensp00000385824,p791,4
9606.ensp00000365380,p792,4
9606.ensp00000378704,p793,4
9606.ensp00000365858,p794,4
9606.ensp00000345681,p795,4
9606.ensp00000368632,p796,4
9606.ensp00000334458,p797,4
9606.ensp00000269216,p798,4
9606.ensp00000359357,p799,4
9606.ensp00000228682,p800,4
9606.ensp00000276414,p801,4
9606.ensp00000251808,p802,4
9606.ensp00000288955,p803,4
9606.ensp00000302967,p804,4
9606.ensp00000232424,p805,4
9606.ensp00000367714,p806,4
9606.ensp00000338272,p807,4
9606.ensp00000437955,p808,4
9606.ensp00000226067,p809,4
9606.ensp00000399888,p810,4
9606.ensp00000257555,p811,4
9606.ensp00000250448,p812,4
9606.ensp00000312987,p813,4
9606.ensp00000283921,p814,4
9606.ensp00000239165,p815,4
9606.ensp00000249501,p816,4
9606.ensp00000431512,p817,4
9606.ensp00000357440,p818,4
9606.ensp00000369581,p819,4
9606.ensp00000229135,p820,4
9606.ensp00000231449,p821,4
9606.ensp00000355011,p822,4
9606.ensp00000404121,p823,4
9606.ensp00000245414,p824,4
9606.ensp00000471896,p825,4
9606.ensp00000370343,p826,4
9606.ensp00000254958,p827,4
9606.ensp00000382204,p828,4
9606.ensp00000360266,p829,4
9606.ensp00000221486,p830,4
9606.ensp00000252818,p831,4
9606.ensp00000263754,p832,4
9606.ensp00000383042,p833,4
9606.ensp00000366271,p834,4
9606.ensp00000361473,p835,4
9606.ensp00000356234,p836,4
9606.ensp00000381216,p837,4
9606.ensp00000248071,p838,4
9606.ensp00000261438,p839,4
9606.ensp00000363804,p840,4
9606.ensp00000366915,p841,4
9606.ensp00000417303,p842,4
9606.ensp00000366330,p843,4
9606.ensp00000436786,p844,4
9606.ensp00000256644,p845,4
9606.ensp00000265165,p846,4
9606.ensp00000257818,p847,4
9606.ensp00000340226,p848,4
9606.ensp00000355988,p849,4
9606.ensp00000362410,p850,4
9606.ensp00000351490,p851,4
9606.ensp00000256429,p852,4
9606.ensp00000264674,p853,4
9606.ensp00000395535,p854,4
9606.ensp00000346389,p855,4
9606.ensp00000340874,p856,4
9606.ensp00000271555,p857,4
9606.ensp00000272369,p858,4
9606.ensp00000337088,p859,4
9606.ensp00000295600,p860,4
9606.ensp00000347847,p861,4
9606.ensp00000174618,p862,4
9606.ensp00000228641,p863,4
9606.ensp00000333633,p864,4
9606.ensp00000484824,p865,4
9606.ensp00000331152,p866,4
9606.ensp00000339992,p867,4
9606.ensp00000281043,p868,4
9606.ensp00000228644,p869,4
9606.ensp00000401678,p870,4
9606.ensp00000250003,p871,4
9606.ensp00000241651,p872,4
9606.ensp00000300131,p873,4
9606.ensp00000229307,p874,4
9606.ensp00000268712,p875,4
9606.ensp00000384018,p876,4
9606.ensp00000351015,p877,4
9606.ensp00000389377,p878,4
9606.ensp00000439120,p879,4
9606.ensp00000380252,p880,4
9606.ensp00000360231,p881,4
9606.ensp00000370340,p882,4
9606.ensp00000384273,p883,4
9606.ensp00000346879,p884,4
9606.ensp00000327758,p885,4
9606.ensp00000277541,p886,4
9606.ensp00000263388,p887,4
9606.ensp00000357979,p888,4
9606.ensp00000356331,p889,4
9606.ensp00000264670,p890,4
9606.ensp00000306561,p891,4
9606.ensp00000302630,p892,4
9606.ensp00000339906,p893,4
9606.ensp00000350844,p894,4
9606.ensp00000404100,p895,4
9606.ensp00000263334,p896,4
9606.ensp00000405890,p897,4
9606.ensp00000364190,p898,4
9606.ensp00000482063,p899,4
9606.ensp00000348099,p900,4
9606.ensp00000301396,p901,4
9606.ensp00000353826,p902,4
9606.ensp00000338157,p903,4
9606.ensp00000431603,p904,4
9606.ensp00000259915,p905,4
9606.ensp00000358092,p906,4
9606.ensp00000319169,p907,4
9606.ensp00000355925,p908,4
9606.ensp00000440485,p909,4
9606.ensp00000360683,p910,4
9606.ensp00000267163,p911,4
9606.ensp00000264515,p912,4
9606.ensp00000345206,p913,4
9606.ensp00000295025,p914,4
9606.ensp00000221452,p915,4
9606.ensp00000417291,p916,4
9606.ensp00000311816,p917,4
9606.ensp00000369270,p918,4
9606.ensp00000402257,p919,4
9606.ensp00000360493,p920,4
9606.ensp00000382800,p921,4
9606.ensp00000254227,p922,4
9606.ensp00000308533,p923,4
9606.ensp00000212015,p924,4
9606.ensp00000337332,p925,4
9606.ensp00000247182,p926,4
9606.ensp00000380034,p927,4
9606.ensp00000373918,p928,4
9606.ensp00000262160,p929,4
9606.ensp00000332973,p930,4
9606.ensp00000341551,p931,4
9606.ensp00000244050,p932,4
9606.ensp00000348984,p933,4
9606.ensp00000380093,p934,4
9606.ensp00000323588,p935,4
9606.ensp00000244745,p936,4
9606.ensp00000245479,p937,4
9606.ensp00000308970,p938,4
9606.ensp00000443827,p939,4
9606.ensp00000227163,p940,4
9606.ensp00000346251,p941,4
9606.ensp00000376423,p942,4
9606.ensp00000348069,p943,4
9606.ensp00000354476,p944,4
9606.ensp00000265354,p945,4
9606.ensp00000354394,p946,4
9606.ensp00000264657,p947,4
9606.ensp00000376134,p948,4
9606.ensp00000293328,p949,4
9606.ensp00000300134,p950,4
9606.ensp00000337976,p951,4
9606.ensp00000316578,p952,4
9606.ensp00000263974,p953,4
9606.ensp00000294339,p954,4
9606.ensp00000419465,p955,4
9606.ensp00000331791,p956,4
9606.ensp00000262965,p957,4
9606.ensp00000358404,p958,4
9606.ensp00000435233,p959,4
9606.ensp00000472109,p960,4
9606.ensp00000368924,p961,4
9606.ensp00000201031,p962,4
9606.ensp00000221930,p963,4
9606.ensp00000260010,p964,4
9606.ensp00000359215,p965,4
9606.ensp00000296921,p966,4
9606.ensp00000293825,p967,4
9606.ensp00000264731,p968,4
9606.ensp00000367545,p969,4
9606.ensp00000408292,p970,4
9606.ensp00000333920,p971,4
9606.ensp00000242261,p972,4
9606.ensp00000348056,p973,4
9606.ensp00000357000,p974,4
9606.ensp00000228606,p975,4
9606.ensp00000256474,p976,4
9606.ensp00000216037,p977,4
9606.ensp00000478927,p978,4
9606.ensp00000361626,p979,4
9606.ensp00000262238,p980,4
9606.ensp00000307858,p981,4
9606.ensp00000323670,p982,4
9606.ensp00000354487,p983,4
9606.ensp00000454157,p984,4
9606.ensp00000317686,p985,4
9606.ensp00000282928,p986,4
9606.ensp00000363868,p987,4
9606.ensp00000349960,p988,4
9606.ensp00000436607,p989,4
9606.ensp00000364210,p990,4
9606.ensp00000324292,p991,4
9606.ensp00000428340,p992,4
9606.ensp00000346032,p993,4
9606.ensp00000360242,p994,4
9606.ensp00000301633,p995,4
9606.ensp00000236850,p996,4
9606.ensp00000233242,p997,4
9606.ensp00000252486,p998,4
9606.ensp00000367615,p999,4
9606.ensp00000347979,p1000,4
9606.ensp00000356694,p1001,4
9606.ensp00000217961,p1002,4
9606.ensp00000278616,p1003,4
9606.ensp00000301945,p1004,4
9606.ensp00000362441,p1005,4
9606.ensp00000270139,p1006,4
9606.ensp00000452780,p1007,4
9606.ensp00000293288,p1008,4
9606.ensp00000302564,p1009,4
9606.ensp00000414303,p1010,4
9606.ensp00000369497,p1011,4
9606.ensp00000333769,p1012,4
9606.ensp00000245907,p1013,4
9606.ensp00000331746,p1014,4
9606.ensp00000272298,p1015,4
9606.ensp00000351273,p1016,4
9606.ensp00000339191,p1017,4
9606.ensp00000252102,p1018,4
9606.ensp00000437940,p1019,4
9606.ensp00000278888,p1020,4
9606.ensp00000303939,p1021,4
9606.ensp00000361359,p1022,4
9606.ensp00000359663,p1023,4
9606.ensp00000398632,p1024,4
9606.ensp00000250092,p1025,4
9606.ensp00000261769,p1026,4
9606.ensp00000228872,p1027,4
9606.ensp00000413720,p1028,4
9606.ensp00000276925,p1029,4
9606.ensp00000315130,p1030,4
9606.ensp00000246657,p1031,4
9606.ensp00000225964,p1032,4
9606.ensp00000369889,p1033,4
9606.ensp00000321260,p1034,4
9606.ensp00000276571,p1035,4
9606.ensp00000300574,p1036,4
9606.ensp00000255030,p1037,4
9606.ensp00000296871,p1038,4
9606.ensp00000225474,p1039,4
9606.ensp00000381448,p1040,4
9606.ensp00000345672,p1041,4
9606.ensp00000351059,p1042,4
9606.ensp00000220764,p1043,4
9606.ensp00000354923,p1044,4
9606.ensp00000368683,p1045,4
9606.ensp00000265171,p1046,4
9606.ensp00000351807,p1047,4
9606.ensp00000362299,p1048,4
9606.ensp00000363763,p1049,4
9606.ensp00000218388,p1050,4
9606.ensp00000267101,p1051,4
9606.ensp00000342235,p1052,4
9606.ensp00000013807,p1053,4
9606.ensp00000375809,p1054,4
9606.ensp00000321326,p1055,4
9606.ensp00000334145,p1056,4
9606.ensp00000356771,p1057,4
9606.ensp00000325527,p1058,4
9606.ensp00000417480,p1059,4
9606.ensp00000358866,p1060,4
9606.ensp00000359506,p1061,4
9606.ensp00000346839,p1062,4
9606.ensp00000358674,p1063,4
9606.ensp00000346886,p1064,4
9606.ensp00000409007,p1065,4
9606.ensp00000468500,p1066,4
9606.ensp00000312673,p1067,4
9606.ensp00000282561,p1068,4
9606.ensp00000372295,p1069,4
9606.ensp00000306920,p1070,4
9606.ensp00000379258,p1071,4
9606.ensp00000360141,p1072,4
9606.ensp00000362795,p1073,4
9606.ensp00000053867,p1074,4
9606.ensp00000362924,p1075,4
9606.ensp00000234420,p1076,4
9606.ensp00000356399,p1077,4
9606.ensp00000417404,p1078,4
9606.ensp00000379873,p1079,4
9606.ensp00000399168,p1080,4
9606.ensp00000365402,p1081,4
9606.ensp00000408146,p1082,4
9606.ensp00000364080,p1083,4
9606.ensp00000353099,p1084,4
9606.ensp00000345347,p1085,4
9606.ensp00000276297,p1086,4
9606.ensp00000407586,p1087,4
9606.ensp00000302961,p1088,4
9606.ensp00000324173,p1089,4
9606.ensp00000248553,p1090,4
9606.ensp00000373620,p1091,4
9606.ensp00000363827,p1092,4
9606.ensp00000264832,p1093,4
9606.ensp00000390265,p1094,4
9606.ensp00000331897,p1095,4
9606.ensp00000483430,p1096,4
9606.ensp00000276927,p1097,4
9606.ensp00000369554,p1098,4
9606.ensp00000302665,p1099,4
9606.ensp00000370473,p1100,4
9606.ensp00000263339,p1101,4
9606.ensp00000259206,p1102,4
9606.ensp00000369293,p1103,4
9606.ensp00000231454,p1104,4
9606.ensp00000357470,p1105,4
9606.ensp00000306512,p1106,4
9606.ensp00000319635,p1107,4
9606.ensp00000412237,p1108,4
9606.ensp00000304915,p1109,4
9606.ensp00000296545,p1110,4
9606.ensp00000344192,p1111,4
9606.ensp00000280357,p1112,4
9606.ensp00000305651,p1113,4
9606.ensp00000380432,p1114,4
9606.ensp00000441691,p1115,4
9606.ensp00000380948,p1116,4
9606.ensp00000256078,p1117,4
9606.ensp00000294728,p1118,4
9606.ensp00000264144,p1119,4
9606.ensp00000410452,p1120,4
9606.ensp00000362108,p1121,4
9606.ensp00000454071,p1122,4
9606.ensp00000312652,p1123,4
9606.ensp00000330393,p1124,4
9606.ensp00000254301,p1125,4
9606.ensp00000357283,p1126,4
9606.ensp00000231004,p1127,4
9606.ensp00000321334,p1128,4
9606.ensp00000403495,p1129,4
9606.ensp00000263735,p1130,4
9606.ensp00000340820,p1131,4
9606.ensp00000358022,p1132,4
9606.ensp00000258149,p1133,4
9606.ensp00000219596,p1134,4
9606.ensp00000369887,p1135,4
9606.ensp00000228280,p1136,4
9606.ensp00000357643,p1137,4
9606.ensp00000231790,p1138,4
9606.ensp00000260227,p1139,4
9606.ensp00000308208,p1140,4
9606.ensp00000233146,p1141,4
9606.ensp00000401399,p1142,4
9606.ensp00000480132,p1143,4
9606.ensp00000358525,p1144,4
9606.ensp00000393275,p1145,4
9606.ensp00000384364,p1146,4
9606.ensp00000256646,p1147,4
9606.ensp00000296930,p1148,4
9606.ensp00000358548,p1149,4
9606.ensp00000431418,p1150,4
9606.ensp00000297350,p1151,4
9606.ensp00000223095,p1152,4
9606.ensp00000355865,p1153,4
9606.ensp00000368458,p1154,4
9606.ensp00000457421,p1155,4
9606.ensp00000289153,p1156,4
9606.ensp00000366513,p1157,4
9606.ensp00000220809,p1158,4
9606.ensp00000268124,p1159,4
9606.ensp00000340494,p1160,4
9606.ensp00000376475,p1161,4
9606.ensp00000378974,p1162,4
9606.ensp00000381070,p1163,4
9606.ensp00000368752,p1164,4
9606.ensp00000326366,p1165,4
9606.ensp00000332353,p1166,4
9606.ensp00000282091,p1167,4
9606.ensp00000441765,p1168,4
9606.ensp00000340944,p1169,4
9606.ensp00000411355,p1170,4
9606.ensp00000348461,p1171,4
9606.ensp00000272190,p1172,4
9606.ensp00000357494,p1173,4
9606.ensp00000262340,p1174,4
9606.ensp00000357705,p1175,4
9606.ensp00000357722,p1176,4
9606.ensp00000225831,p1177,4
9606.ensp00000474412,p1178,4
9606.ensp00000379140,p1179,4
9606.ensp00000364699,p1180,4
9606.ensp00000331736,p1181,4
9606.ensp00000220772,p1182,4
9606.ensp00000297261,p1183,4
9606.ensp00000446252,p1184,4
9606.ensp00000231061,p1185,4
9606.ensp00000378517,p1186,4
9606.ensp00000287641,p1187,4
9606.ensp00000341208,p1188,4
9606.ensp00000324856,p1189,4
9606.ensp00000321106,p1190,4
9606.ensp00000295400,p1191,4
9606.ensp00000355896,p1192,4
9606.ensp00000351905,p1193,4
9606.ensp00000355330,p1194,4
9606.ensp00000260356,p1195,4
9606.ensp00000266085,p1196,4
9606.ensp00000296795,p1197,4
9606.ensp00000162749,p1198,4
9606.ensp00000365435,p1199,4
9606.ensp00000298552,p1200,4
9606.ensp00000219476,p1201,4
9606.ensp00000446007,p1202,4
9606.ensp00000261405,p1203,4
9606.ensp00000264634,p1204,4
9606.ensp00000331327,p1205,4
9606.ensp00000262887,p1206,4
9606.ensp00000386884,p1207,4
9606.ensp00000437621,p1208,4
9606.ensp00000356480,p1209,4
9606.ensp00000333142,p1210,4
9606.ensp00000329418,p1211,4
9606.ensp00000241261,p1212,4
9606.ensp00000426809,p1213,4
9606.ensp00000374455,p1214,4
9606.ensp00000303394,p1215,4
9606.ensp00000330341,p1216,4
9606.ensp00000369442,p1217,4
9606.ensp00000389814,p1218,4
9606.ensp00000252809,p1219,4
9606.ensp00000265316,p1220,4
9606.ensp00000384262,p1221,4
9606.ensp00000264867,p1222,4
9606.ensp00000349547,p1223,4
9606.ensp00000372023,p1224,4
9606.ensp00000363081,p1225,4
9606.ensp00000437256,p1226,4
9606.ensp00000352833,p1227,4
9606.ensp00000386759,p1228,4
9606.ensp00000370989,p1229,4
9606.ensp00000457230,p1230,4
9606.ensp00000353874,p1231,4
9606.ensp00000442788,p1232,4
9606.ensp00000272928,p1233,4
9606.ensp00000229335,p1234,4
9606.ensp00000471894,p1235,4
9606.ensp00000300589,p1236,4
9606.ensp00000341292,p1237,4
9606.ensp00000456226,p1238,4
9606.ensp00000337383,p1239,4
9606.ensp00000292301,p1240,4
9606.ensp00000413079,p1241,4
9606.ensp00000240618,p1242,4
9606.ensp00000252032,p1243,4
9606.ensp00000365130,p1244,4
9606.ensp00000334592,p1245,4
9606.ensp00000364858,p1246,4
9606.ensp00000360869,p1247,4
9606.ensp00000338010,p1248,4
9606.ensp00000252229,p1249,4
9606.ensp00000388001,p1250,4
9606.ensp00000257570,p1251,4
9606.ensp00000393566,p1252,4
9606.ensp00000315006,p1253,4
9606.ensp00000261714,p1254,4
9606.ensp00000381167,p1255,4
9606.ensp00000266058,p1256,4
9606.ensp00000380081,p1257,4
9606.ensp00000480291,p1258,4
9606.ensp00000375844,p1259,4
9606.ensp00000430733,p1260,4
9606.ensp00000254090,p1261,4
9606.ensp00000383295,p1262,4
9606.ensp00000360290,p1263,4
9606.ensp00000229328,p1264,4
9606.ensp00000254101,p1265,4
9606.ensp00000323867,p1266,4
9606.ensp00000287878,p1267,4
9606.ensp00000397133,p1268,4
9606.ensp00000324122,p1269,4
9606.ensp00000323568,p1270,4
9606.ensp00000339435,p1271,4
9606.ensp00000258403,p1272,4
9606.ensp00000297770,p1273,4
9606.ensp00000368959,p1274,4
9606.ensp00000382178,p1275,4
9606.ensp00000420269,p1276,4
9606.ensp00000244007,p1277,4
9606.ensp00000465500,p1278,4
9606.ensp00000382423,p1279,4
9606.ensp00000215582,p1280,4
9606.ensp00000374323,p1281,4
9606.ensp00000394487,p1282,4
9606.ensp00000369703,p1283,4
9606.ensp00000297423,p1284,4
9606.ensp00000253382,p1285,4
9606.ensp00000340297,p1286,4
9606.ensp00000290354,p1287,4
9606.ensp00000383303,p1288,4
9606.ensp00000258416,p1289,4
9606.ensp00000480763,p1290,4
9606.ensp00000271450,p1291,4
9606.ensp00000345785,p1292,4
9606.ensp00000385334,p1293,4
9606.ensp00000369373,p1294,4
9606.ensp00000274008,p1295,4
9606.ensp00000386186,p1296,4
9606.ensp00000451560,p1297,4
9606.ensp00000254654,p1298,4
9606.ensp00000314649,p1299,4
9606.ensp00000354652,p1300,4
9606.ensp00000269141,p1301,4
9606.ensp00000274368,p1302,4
9606.ensp00000008527,p1303,4
9606.ensp00000477437,p1304,4
9606.ensp00000423917,p1305,4
9606.ensp00000277120,p1306,4
9606.ensp00000322304,p1307,4
9606.ensp00000302234,p1308,4
9606.ensp00000260118,p1309,4
9606.ensp00000217233,p1310,4
9606.ensp00000413707,p1311,4
9606.ensp00000297737,p1312,4
9606.ensp00000281154,p1313,4
9606.ensp00000329093,p1314,4
9606.ensp00000470488,p1315,4
9606.ensp00000252100,p1316,4
9606.ensp00000405388,p1317,4
9606.ensp00000377724,p1318,4
9606.ensp00000223145,p1319,4
9606.ensp00000264669,p1320,4
9606.ensp00000414982,p1321,4
9606.ensp00000354995,p1322,4
9606.ensp00000312506,p1323,4
9606.ensp00000264668,p1324,4
9606.ensp00000308895,p1325,4
9606.ensp00000019317,p1326,4
9606.ensp00000433001,p1327,4
9606.ensp00000232607,p1328,4
9606.ensp00000451974,p1329,4
9606.ensp00000263798,p1330,4
9606.ensp00000300105,p1331,4
9606.ensp00000465517,p1332,4
9606.ensp00000337255,p1333,4
9606.ensp00000306124,p1334,4
9606.ensp00000262948,p1335,4
9606.ensp00000263791,p1336,4
9606.ensp00000362513,p1337,4
9606.ensp00000376609,p1338,4
9606.ensp00000344465,p1339,4
9606.ensp00000356946,p1340,4
9606.ensp00000355632,p1341,4
9606.ensp00000377783,p1342,4
9606.ensp00000039007,p1343,4
9606.ensp00000292303,p1344,4
9606.ensp00000263774,p1345,4
9606.ensp00000415011,p1346,4
9606.ensp00000465099,p1347,4
9606.ensp00000376886,p1348,4
9606.ensp00000229266,p1349,4
9606.ensp00000245552,p1350,4
9606.ensp00000292823,p1351,4
9606.ensp00000442050,p1352,4
9606.ensp00000362413,p1353,4
9606.ensp00000371333,p1354,4
9606.ensp00000385036,p1355,4
9606.ensp00000303231,p1356,4
9606.ensp00000243673,p1357,4
9606.ensp00000366797,p1358,4
9606.ensp00000310241,p1359,4
9606.ensp00000229264,p1360,4
9606.ensp00000300061,p1361,4
9606.ensp00000264758,p1362,4
9606.ensp00000380250,p1363,4
9606.ensp00000351284,p1364,4
9606.ensp00000353770,p1365,4
9606.ensp00000235628,p1366,4
9606.ensp00000251810,p1367,4
9606.ensp00000385142,p1368,4
9606.ensp00000322609,p1369,4
9606.ensp00000403077,p1370,4
9606.ensp00000369814,p1371,4
9606.ensp00000274026,p1372,4
9606.ensp00000309539,p1373,4
9606.ensp00000383234,p1374,4
9606.ensp00000379204,p1375,4
9606.ensp00000362525,p1376,4
9606.ensp00000261200,p1377,4
9606.ensp00000375978,p1378,4
9606.ensp00000351908,p1379,4
9606.ensp00000445002,p1380,4
9606.ensp00000254976,p1381,4
9606.ensp00000396103,p1382,4
9606.ensp00000237596,p1383,4
9606.ensp00000229416,p1384,4
9606.ensp00000238561,p1385,4
9606.ensp00000445408,p1386,4
9606.ensp00000321221,p1387,4
9606.ensp00000299766,p1388,4
9606.ensp00000386787,p1389,4
9606.ensp00000266674,p1390,4
9606.ensp00000265081,p1391,4
9606.ensp00000155926,p1392,4
9606.ensp00000364163,p1393,4
9606.ensp00000415115,p1394,4
9606.ensp00000373713,p1395,4
9606.ensp00000362578,p1396,4
9606.ensp00000422185,p1397,4
9606.ensp00000429896,p1398,4
9606.ensp00000384708,p1399,4
9606.ensp00000272771,p1400,4
9606.ensp00000483333,p1401,4
9606.ensp00000159060,p1402,4
9606.ensp00000169298,p1403,4
9606.ensp00000360154,p1404,4
9606.ensp00000270722,p1405,4
9606.ensp00000306099,p1406,4
9606.ensp00000370034,p1407,4
9606.ensp00000377664,p1408,4
9606.ensp00000231572,p1409,4
9606.ensp00000256010,p1410,4
9606.ensp00000428417,p1411,4
9606.ensp00000296456,p1412,4
9606.ensp00000312379,p1413,4
9606.ensp00000317431,p1414,4
9606.ensp00000282406,p1415,4
9606.ensp00000441913,p1416,4
9606.ensp00000360552,p1417,4
9606.ensp00000415968,p1418,4
9606.ensp00000278550,p1419,4
9606.ensp00000353331,p1420,4
9606.ensp00000362894,p1421,4
9606.ensp00000354718,p1422,4
9606.ensp00000407353,p1423,4
9606.ensp00000418823,p1424,4
9606.ensp00000409000,p1425,4
9606.ensp00000375810,p1426,4
9606.ensp00000327104,p1427,4
9606.ensp00000259989,p1428,4
9606.ensp00000280606,p1429,4
9606.ensp00000368767,p1430,4
9606.ensp00000424827,p1431,4
9606.ensp00000317714,p1432,4
9606.ensp00000215095,p1433,4
9606.ensp00000465356,p1434,4
9606.ensp00000358695,p1435,4
9606.ensp00000356218,p1436,4
9606.ensp00000437041,p1437,4
9606.ensp00000354468,p1438,4
9606.ensp00000483825,p1439,4
9606.ensp00000290277,p1440,4
9606.ensp00000333685,p1441,4
9606.ensp00000215659,p1442,4
9606.ensp00000211287,p1443,4
9606.ensp00000261845,p1444,4
9606.ensp00000311005,p1445,4
9606.ensp00000394560,p1446,4
9606.ensp00000478874,p1447,4
9606.ensp00000368190,p1448,4
9606.ensp00000348278,p1449,4
9606.ensp00000356386,p1450,4
9606.ensp00000480004,p1451,4
9606.ensp00000259881,p1452,4
9606.ensp00000380437,p1453,4
9606.ensp00000421339,p1454,4
9606.ensp00000383866,p1455,4
9606.ensp00000235835,p1456,4
9606.ensp00000396954,p1457,4
9606.ensp00000262593,p1458,4
9606.ensp00000382163,p1459,4
9606.ensp00000373477,p1460,4
9606.ensp00000256594,p1461,4
9606.ensp00000360645,p1462,4
9606.ensp00000353582,p1463,4
9606.ensp00000297268,p1464,4
9606.ensp00000216180,p1465,4
9606.ensp00000242839,p1466,4
9606.ensp00000377708,p1467,4
9606.ensp00000318635,p1468,4
9606.ensp00000155840,p1469,4
9606.ensp00000360905,p1470,4
9606.ensp00000261726,p1471,4
9606.ensp00000482957,p1472,4
9606.ensp00000259008,p1473,4
9606.ensp00000344903,p1474,4
9606.ensp00000384863,p1475,4
9606.ensp00000379330,p1476,4
9606.ensp00000379438,p1477,4
9606.ensp00000355133,p1478,4
9606.ensp00000255226,p1479,4
9606.ensp00000400175,p1480,4
9606.ensp00000298912,p1481,4
9606.ensp00000427679,p1482,4
9606.ensp00000309757,p1483,4
9606.ensp00000284984,p1484,4
9606.ensp00000289547,p1485,4
9606.ensp00000365938,p1486,4
9606.ensp00000317842,p1487,4
9606.ensp00000301178,p1488,4
9606.ensp00000013125,p1489,4
9606.ensp00000261693,p1490,4
9606.ensp00000339398,p1491,4
9606.ensp00000216605,p1492,4
9606.ensp00000305839,p1493,4
9606.ensp00000308741,p1494,4
9606.ensp00000397157,p1495,4
9606.ensp00000317404,p1496,4
9606.ensp00000209929,p1497,4
9606.ensp00000345751,p1498,4
9606.ensp00000352936,p1499,4
9606.ensp00000404833,p1500,4
9606.ensp00000378786,p1501,4
9606.ensp00000364114,p1502,4
9606.ensp00000345395,p1503,4
9606.ensp00000330237,p1504,4
9606.ensp00000301634,p1505,4
9606.ensp00000378074,p1506,4
9606.ensp00000250416,p1507,4
9606.ensp00000268058,p1508,4
9606.ensp00000365663,p1509,4
9606.ensp00000373884,p1510,4
9606.ensp00000427820,p1511,4
9606.ensp00000303153,p1512,4
9606.ensp00000361467,p1513,4
9606.ensp00000364597,p1514,4
9606.ensp00000381231,p1515,4
9606.ensp00000361894,p1516,4
9606.ensp00000378854,p1517,4
9606.ensp00000356104,p1518,4
9606.ensp00000273450,p1519,4
9606.ensp00000378161,p1520,4
9606.ensp00000229395,p1521,4
9606.ensp00000355533,p1522,4
9606.ensp00000332413,p1523,4
9606.ensp00000365312,p1524,4
9606.ensp00000261326,p1525,4
9606.ensp00000216465,p1526,4
9606.ensp00000370593,p1527,4
9606.ensp00000364802,p1528,4
9606.ensp00000296955,p1529,4
9606.ensp00000380602,p1530,4
9606.ensp00000374135,p1531,4
9606.ensp00000261534,p1532,4
9606.ensp00000209668,p1533,4
9606.ensp00000262262,p1534,4
9606.ensp00000201586,p1535,4
9606.ensp00000227756,p1536,4
9606.ensp00000264220,p1537,4
9606.ensp00000356545,p1538,4
9606.ensp00000374069,p1539,4
9606.ensp00000386541,p1540,4
9606.ensp00000345055,p1541,4
9606.ensp00000261439,p1542,4
9606.ensp00000264968,p1543,4
9606.ensp00000297785,p1544,4
9606.ensp00000349298,p1545,4
9606.ensp00000481114,p1546,4
9606.ensp00000373648,p1547,4
9606.ensp00000391669,p1548,4
9606.ensp00000306869,p1549,4
9606.ensp00000222673,p1550,4
9606.ensp00000262916,p1551,4
9606.ensp00000321449,p1552,4
9606.ensp00000365437,p1553,4
9606.ensp00000359607,p1554,4
9606.ensp00000382941,p1555,4
9606.ensp00000272203,p1556,4
9606.ensp00000314441,p1557,4
9606.ensp00000345895,p1558,4
9606.ensp00000325682,p1559,4
9606.ensp00000398655,p1560,4
9606.ensp00000292641,p1561,4
9606.ensp00000379566,p1562,4
9606.ensp00000382058,p1563,4
9606.ensp00000357750,p1564,4
9606.ensp00000365433,p1565,4
9606.ensp00000263666,p1566,4
9606.ensp00000334308,p1567,4
9606.ensp00000247970,p1568,4
9606.ensp00000338185,p1569,4
9606.ensp00000265361,p1570,4
9606.ensp00000337353,p1571,4
9606.ensp00000343658,p1572,4
9606.ensp00000364037,p1573,4
9606.ensp00000342570,p1574,4
9606.ensp00000351596,p1575,4
9606.ensp00000281523,p1576,4
9606.ensp00000349325,p1577,4
9606.ensp00000348453,p1578,4
9606.ensp00000291744,p1579,4
9606.ensp00000379057,p1580,4
9606.ensp00000262457,p1581,4
9606.ensp00000265403,p1582,4
9606.ensp00000314500,p1583,4
9606.ensp00000411821,p1584,4
9606.ensp00000261623,p1585,4
9606.ensp00000356972,p1586,4
9606.ensp00000233627,p1587,4
9606.ensp00000303208,p1588,4
9606.ensp00000421180,p1589,4
9606.ensp00000268613,p1590,4
9606.ensp00000342924,p1591,4
9606.ensp00000397181,p1592,4
9606.ensp00000349437,p1593,4
9606.ensp00000294016,p1594,4
9606.ensp00000361066,p1595,4
9606.ensp00000356634,p1596,4
9606.ensp00000431840,p1597,4
9606.ensp00000200676,p1598,4
9606.ensp00000299022,p1599,4
9606.ensp00000365201,p1600,4
9606.ensp00000380044,p1601,4
9606.ensp00000372169,p1602,4
9606.ensp00000321345,p1603,4
9606.ensp00000349595,p1604,4
9606.ensp00000353072,p1605,4
9606.ensp00000178638,p1606,4
9606.ensp00000419101,p1607,4
9606.ensp00000302846,p1608,4
9606.ensp00000352035,p1609,4
9606.ensp00000342385,p1610,4
9606.ensp00000251535,p1611,4
9606.ensp00000440045,p1612,4
9606.ensp00000378992,p1613,4
9606.ensp00000306678,p1614,4
9606.ensp00000275198,p1615,4
9606.ensp00000483757,p1616,4
9606.ensp00000219368,p1617,4
9606.ensp00000377055,p1618,4
9606.ensp00000357129,p1619,4
9606.ensp00000449629,p1620,4
9606.ensp00000249071,p1621,4
9606.ensp00000355506,p1622,4
9606.ensp00000297323,p1623,4
9606.ensp00000280987,p1624,4
9606.ensp00000265643,p1625,4
9606.ensp00000357915,p1626,4
9606.ensp00000293404,p1627,4
9606.ensp00000292408,p1628,4
9606.ensp00000362207,p1629,4
9606.ensp00000332151,p1630,4
9606.ensp00000357597,p1631,4
9606.ensp00000455426,p1632,4
9606.ensp00000383199,p1633,4
9606.ensp00000242375,p1634,4
9606.ensp00000444810,p1635,4
9606.ensp00000320246,p1636,4
9606.ensp00000401338,p1637,4
9606.ensp00000355812,p1638,4
9606.ensp00000381498,p1639,4
9606.ensp00000336752,p1640,4
9606.ensp00000280236,p1641,4
9606.ensp00000371517,p1642,4
9606.ensp00000356433,p1643,4
9606.ensp00000289902,p1644,4
9606.ensp00000383365,p1645,4
9606.ensp00000341159,p1646,4
9606.ensp00000262407,p1647,4
9606.ensp00000336829,p1648,4
9606.ensp00000265565,p1649,4
9606.ensp00000320663,p1650,4
9606.ensp00000339479,p1651,4
9606.ensp00000439182,p1652,4
9606.ensp00000322775,p1653,4
9606.ensp00000376534,p1654,4
9606.ensp00000284273,p1655,4
9606.ensp00000327255,p1656,4
9606.ensp00000417638,p1657,4
9606.ensp00000261523,p1658,4
9606.ensp00000312455,p1659,4
9606.ensp00000294383,p1660,4
9606.ensp00000382815,p1661,4
9606.ensp00000303424,p1662,4
9606.ensp00000390564,p1663,4
9606.ensp00000314029,p1664,4
9606.ensp00000264042,p1665,4
9606.ensp00000417602,p1666,4
9606.ensp00000381768,p1667,4
9606.ensp00000318986,p1668,4
9606.ensp00000273352,p1669,4
9606.ensp00000478104,p1670,4
9606.ensp00000291386,p1671,4
9606.ensp00000334474,p1672,4
9606.ensp00000256999,p1673,4
9606.ensp00000345259,p1674,4
9606.ensp00000299727,p1675,4
9606.ensp00000395772,p1676,4
9606.ensp00000386908,p1677,4
9606.ensp00000351618,p1678,4
9606.ensp00000424707,p1679,4
9606.ensp00000432743,p1680,4
9606.ensp00000304895,p1681,4
9606.ensp00000374529,p1682,4
9606.ensp00000222792,p1683,4
9606.ensp00000332723,p1684,4
9606.ensp00000377492,p1685,4
9606.ensp00000392500,p1686,4
9606.ensp00000222254,p1687,4
9606.ensp00000417963,p1688,4
9606.ensp00000216225,p1689,4
9606.ensp00000351697,p1690,4
9606.ensp00000380379,p1691,4
9606.ensp00000324343,p1692,4
9606.ensp00000361170,p1693,4
9606.ensp00000380334,p1694,4
9606.ensp00000344544,p1695,4
9606.ensp00000274629,p1696,4
9606.ensp00000381129,p1697,4
9606.ensp00000414886,p1698,4
9606.ensp00000341680,p1699,4
9606.ensp00000435509,p1700,4
9606.ensp00000279873,p1701,4
9606.ensp00000334382,p1702,4
9606.ensp00000367001,p1703,4
9606.ensp00000345719,p1704,4
9606.ensp00000345464,p1705,4
9606.ensp00000435648,p1706,4
9606.ensp00000235382,p1707,4
9606.ensp00000421491,p1708,4
9606.ensp00000335544,p1709,4
9606.ensp00000317817,p1710,4
9606.ensp00000387662,p1711,4
9606.ensp00000467494,p1712,4
9606.ensp00000353734,p1713,4
9606.ensp00000262352,p1714,4
9606.ensp00000356102,p1715,4
9606.ensp00000301956,p1716,4
9606.ensp00000459451,p1717,4
9606.ensp00000403902,p1718,4
9606.ensp00000282538,p1719,4
9606.ensp00000402457,p1720,4
9606.ensp00000225823,p1721,4
9606.ensp00000430269,p1722,4
9606.ensp00000250018,p1723,4
9606.ensp00000378743,p1724,4
9606.ensp00000346921,p1725,4
9606.ensp00000355316,p1726,4
9606.ensp00000379111,p1727,4
9606.ensp00000364212,p1728,4
9606.ensp00000396857,p1729,4
9606.ensp00000358501,p1730,4
9606.ensp00000268704,p1731,4
9606.ensp00000484415,p1732,4
9606.ensp00000378570,p1733,4
9606.ensp00000318650,p1734,4
9606.ensp00000251166,p1735,4
9606.ensp00000475473,p1736,4
9606.ensp00000428338,p1737,4
9606.ensp00000379869,p1738,4
9606.ensp00000256404,p1739,4
9606.ensp00000251527,p1740,4
9606.ensp00000345808,p1741,4
9606.ensp00000216124,p1742,4
9606.ensp00000426638,p1743,4
9606.ensp00000250113,p1744,4
9606.ensp00000330862,p1745,4
9606.ensp00000219406,p1746,4
9606.ensp00000332706,p1747,4
9606.ensp00000379464,p1748,4
9606.ensp00000299871,p1749,4
9606.ensp00000456782,p1750,4
9606.ensp00000357069,p1751,4
9606.ensp00000307741,p1752,4
9606.ensp00000381740,p1753,4
9606.ensp00000262424,p1754,4
9606.ensp00000458162,p1755,4
9606.ensp00000307272,p1756,4
9606.ensp00000376317,p1757,4
9606.ensp00000321627,p1758,4
9606.ensp00000479636,p1759,4
9606.ensp00000279178,p1760,4
9606.ensp00000264072,p1761,4
9606.ensp00000348460,p1762,4
9606.ensp00000257408,p1763,4
9606.ensp00000357920,p1764,4
9606.ensp00000359085,p1765,4
9606.ensp00000258415,p1766,4
9606.ensp00000360991,p1767,4
9606.ensp00000245932,p1768,4
9606.ensp00000388825,p1769,4
9606.ensp00000406027,p1770,4
9606.ensp00000355370,p1771,4
9606.ensp00000307634,p1772,4
9606.ensp00000300127,p1773,4
9606.ensp00000366306,p1774,4
9606.ensp00000480703,p1775,4
9606.ensp00000356432,p1776,4
9606.ensp00000480043,p1777,4
9606.ensp00000353600,p1778,4
9606.ensp00000226444,p1779,4
9606.ensp00000375849,p1780,4
9606.ensp00000392398,p1781,4
9606.ensp00000369695,p1782,4
9606.ensp00000282020,p1783,4
9606.ensp00000350348,p1784,4
9606.ensp00000342560,p1785,4
9606.ensp00000361577,p1786,4
9606.ensp00000256196,p1787,4
9606.ensp00000443551,p1788,4
9606.ensp00000318234,p1789,4
9606.ensp00000365926,p1790,4
9606.ensp00000262895,p1791,4
9606.ensp00000340943,p1792,4
9606.ensp00000370737,p1793,4
9606.ensp00000264563,p1794,4
9606.ensp00000385205,p1795,4
9606.ensp00000353791,p1796,4
9606.ensp00000403701,p1797,4
9606.ensp00000376943,p1798,4
9606.ensp00000376269,p1799,4
9606.ensp00000242819,p1800,4
9606.ensp00000239830,p1801,4
9606.ensp00000406229,p1802,4
9606.ensp00000280772,p1803,4
9606.ensp00000440674,p1804,4
9606.ensp00000357453,p1805,4
9606.ensp00000283285,p1806,4
9606.ensp00000295108,p1807,4
9606.ensp00000417235,p1808,4
9606.ensp00000320401,p1809,4
9606.ensp00000251496,p1810,4
9606.ensp00000258774,p1811,4
9606.ensp00000362344,p1812,4
9606.ensp00000352779,p1813,4
9606.ensp00000241256,p1814,4
9606.ensp00000249750,p1815,4
9606.ensp00000361471,p1816,4
9606.ensp00000407545,p1817,4
9606.ensp00000263932,p1818,4
9606.ensp00000406026,p1819,4
9606.ensp00000375778,p1820,4
9606.ensp00000361214,p1821,4
9606.ensp00000389414,p1822,4
9606.ensp00000261776,p1823,4
9606.ensp00000382791,p1824,4
9606.ensp00000307701,p1825,4
9606.ensp00000377233,p1826,4
9606.ensp00000265723,p1827,4
9606.ensp00000309270,p1828,4
9606.ensp00000378402,p1829,4
9606.ensp00000430075,p1830,4
9606.ensp00000218516,p1831,4
9606.ensp00000301732,p1832,4
9606.ensp00000255082,p1833,4
9606.ensp00000297679,p1834,4
9606.ensp00000442068,p1835,4
9606.ensp00000260599,p1836,4
9606.ensp00000353292,p1837,4
9606.ensp00000411613,p1838,4
9606.ensp00000408617,p1839,4
9606.ensp00000321464,p1840,4
9606.ensp00000245457,p1841,4
9606.ensp00000272452,p1842,4
9606.ensp00000356150,p1843,4
9606.ensp00000368646,p1844,4
9606.ensp00000306548,p1845,4
9606.ensp00000345728,p1846,4
9606.ensp00000266483,p1847,4
9606.ensp00000280665,p1848,4
9606.ensp00000386665,p1849,4
9606.ensp00000359206,p1850,4
9606.ensp00000282356,p1851,4
9606.ensp00000360532,p1852,4
9606.ensp00000262133,p1853,4
9606.ensp00000479870,p1854,4
9606.ensp00000405574,p1855,4
9606.ensp00000412927,p1856,4
9606.ensp00000296677,p1857,4
9606.ensp00000276651,p1858,4
9606.ensp00000400717,p1859,4
9606.ensp00000364805,p1860,4
9606.ensp00000381333,p1861,4
9606.ensp00000296782,p1862,4
9606.ensp00000009530,p1863,4
9606.ensp00000347978,p1864,4
9606.ensp00000292596,p1865,4
9606.ensp00000329654,p1866,4
9606.ensp00000438248,p1867,4
9606.ensp00000396976,p1868,4
9606.ensp00000247843,p1869,4
9606.ensp00000410339,p1870,4
9606.ensp00000227667,p1871,4
9606.ensp00000350719,p1872,4
9606.ensp00000399136,p1873,4
9606.ensp00000437464,p1874,4
9606.ensp00000363329,p1875,4
9606.ensp00000410481,p1876,4
9606.ensp00000481570,p1877,4
9606.ensp00000383178,p1878,4
9606.ensp00000349508,p1879,4
9606.ensp00000333534,p1880,4
9606.ensp00000359866,p1881,4
9606.ensp00000357060,p1882,4
9606.ensp00000371253,p1883,4
9606.ensp00000428518,p1884,4
9606.ensp00000484928,p1885,4
9606.ensp00000298925,p1886,4
9606.ensp00000347005,p1887,4
9606.ensp00000415769,p1888,4
9606.ensp00000295757,p1889,4
9606.ensp00000304004,p1890,4
9606.ensp00000414909,p1891,4
9606.ensp00000251127,p1892,4
9606.ensp00000325785,p1893,4
9606.ensp00000243997,p1894,4
9606.ensp00000347665,p1895,4
9606.ensp00000377284,p1896,4
9606.ensp00000365817,p1897,4
9606.ensp00000217386,p1898,4
9606.ensp00000365131,p1899,4
9606.ensp00000400312,p1900,4
9606.ensp00000387888,p1901,4
9606.ensp00000287152,p1902,4
9606.ensp00000289416,p1903,4
9606.ensp00000263207,p1904,4
9606.ensp00000369456,p1905,4
9606.ensp00000359629,p1906,4
9606.ensp00000303584,p1907,4
9606.ensp00000428056,p1908,4
9606.ensp00000281081,p1909,4
9606.ensp00000410584,p1910,4
9606.ensp00000304290,p1911,4
9606.ensp00000296946,p1912,4
9606.ensp00000301645,p1913,4
9606.ensp00000289957,p1914,4
9606.ensp00000310696,p1915,4
9606.ensp00000358414,p1916,4
9606.ensp00000347717,p1917,4
9606.ensp00000229268,p1918,4
9606.ensp00000473290,p1919,4
9606.ensp00000358755,p1920,4
9606.ensp00000264451,p1921,4
9606.ensp00000308782,p1922,4
9606.ensp00000327453,p1923,4
9606.ensp00000327916,p1924,4
9606.ensp00000225577,p1925,4
9606.ensp00000315569,p1926,4
9606.ensp00000341785,p1927,4
9606.ensp00000443216,p1928,4
9606.ensp00000054666,p1929,4
9606.ensp00000375767,p1930,4
9606.ensp00000262158,p1931,4
9606.ensp00000390436,p1932,4
9606.ensp00000383118,p1933,4
9606.ensp00000454229,p1934,4
9606.ensp00000280154,p1935,4
9606.ensp00000290295,p1936,4
9606.ensp00000344967,p1937,4
9606.ensp00000217169,p1938,4
9606.ensp00000262643,p1939,4
9606.ensp00000358596,p1940,4
9606.ensp00000380150,p1941,4
9606.ensp00000430690,p1942,4
9606.ensp00000312134,p1943,4
9606.ensp00000303276,p1944,4
9606.ensp00000262426,p1945,4
9606.ensp00000411145,p1946,4
9606.ensp00000379003,p1947,4
9606.ensp00000425561,p1948,4
9606.ensp00000448165,p1949,4
9606.ensp00000354871,p1950,4
9606.ensp00000217426,p1951,4
9606.ensp00000269349,p1952,4
9606.ensp00000339740,p1953,4
9606.ensp00000212355,p1954,4
9606.ensp00000262719,p1955,4
9606.ensp00000383185,p1956,4
9606.ensp00000380565,p1957,4
9606.ensp00000302886,p1958,4
9606.ensp00000363973,p1959,4
9606.ensp00000386942,p1960,4
9606.ensp00000391592,p1961,4
9606.ensp00000222726,p1962,4
9606.ensp00000286574,p1963,4
9606.ensp00000227155,p1964,4
9606.ensp00000348538,p1965,4
9606.ensp00000314897,p1966,4
9606.ensp00000281537,p1967,4
9606.ensp00000347602,p1968,4
9606.ensp00000276431,p1969,4
9606.ensp00000304592,p1970,4
9606.ensp00000284987,p1971,4
9606.ensp00000343246,p1972,4
9606.ensp00000353151,p1973,4
9606.ensp00000006015,p1974,4
9606.ensp00000222753,p1975,4
9606.ensp00000242159,p1976,4
9606.ensp00000356832,p1977,4
9606.ensp00000243108,p1978,4
9606.ensp00000301030,p1979,4
9606.ensp00000337226,p1980,4
9606.ensp00000370938,p1981,4
9606.ensp00000380911,p1982,4
9606.ensp00000326411,p1983,4
9606.ensp00000383232,p1984,4
9606.ensp00000295321,p1985,4
9606.ensp00000228918,p1986,4
9606.ensp00000250896,p1987,4
9606.ensp00000215862,p1988,4
9606.ensp00000281031,p1989,4
9606.ensp00000264663,p1990,4
9606.ensp00000246802,p1991,4
9606.ensp00000356110,p1992,4
9606.ensp00000381984,p1993,4
9606.ensp00000361818,p1994,4
9606.ensp00000302913,p1995,4
9606.ensp00000221573,p1996,4
9606.ensp00000221855,p1997,4
9606.ensp00000360184,p1998,4
9606.ensp00000254950,p1999,4
9606.ensp00000382511,p2000,4
9606.ensp00000262662,p2001,4
9606.ensp00000354207,p2002,4
9606.ensp00000343158,p2003,4
9606.ensp00000279488,p2004,4
9606.ensp00000267102,p2005,4
9606.ensp00000215061,p2006,4
9606.ensp00000370083,p2007,4
9606.ensp00000377958,p2008,4
9606.ensp00000330523,p2009,4
9606.ensp00000414921,p2010,4
9606.ensp00000422554,p2011,4
9606.ensp00000322270,p2012,4
9606.ensp00000297161,p2013,4
9606.ensp00000296129,p2014,4
9606.ensp00000355180,p2015,4
9606.ensp00000448517,p2016,4
9606.ensp00000327513,p2017,4
9606.ensp00000296027,p2018,4
9606.ensp00000366246,p2019,4
9606.ensp00000379701,p2020,4
9606.ensp00000364765,p2021,4
9606.ensp00000363553,p2022,4
9606.ensp00000292430,p2023,4
9606.ensp00000264036,p2024,4
9606.ensp00000280082,p2025,4
9606.ensp00000441434,p2026,4
9606.ensp00000340578,p2027,4
9606.ensp00000420321,p2028,4
9606.ensp00000290271,p2029,4
9606.ensp00000261978,p2030,4
9606.ensp00000217026,p2031,4
9606.ensp00000221856,p2032,4
9606.ensp00000385477,p2033,4
9606.ensp00000347379,p2034,4
9606.ensp00000268655,p2035,4
9606.ensp00000338345,p2036,4
9606.ensp00000344115,p2037,4
9606.ensp00000341189,p2038,4
9606.ensp00000252804,p2039,4
9606.ensp00000250559,p2040,4
9606.ensp00000310670,p2041,4
9606.ensp00000365588,p2042,4
9606.ensp00000265339,p2043,4
9606.ensp00000283290,p2044,4
9606.ensp00000417183,p2045,4
9606.ensp00000346694,p2046,4
9606.ensp00000370713,p2047,4
9606.ensp00000279168,p2048,4
9606.ensp00000352561,p2049,4
9606.ensp00000342513,p2050,4
9606.ensp00000326119,p2051,4
9606.ensp00000261349,p2052,4
9606.ensp00000364979,p2053,4
9606.ensp00000441235,p2054,4
9606.ensp00000372035,p2055,4
9606.ensp00000318195,p2056,4
9606.ensp00000301455,p2057,4
9606.ensp00000361027,p2058,4
9606.ensp00000223023,p2059,4
9606.ensp00000281708,p2060,4
9606.ensp00000321951,p2061,4
9606.ensp00000256442,p2062,4
9606.ensp00000321656,p2063,4
9606.ensp00000296424,p2064,4
9606.ensp00000254325,p2065,4
9606.ensp00000435926,p2066,4
9606.ensp00000261386,p2067,4
9606.ensp00000307479,p2068,4
9606.ensp00000346300,p2069,4
9606.ensp00000354607,p2070,4
9606.ensp00000230538,p2071,4
9606.ensp00000330382,p2072,4
9606.ensp00000265563,p2073,4
9606.ensp00000358918,p2074,4
9606.ensp00000233948,p2075,4
9606.ensp00000346437,p2076,4
9606.ensp00000379350,p2077,4
9606.ensp00000296849,p2078,4
9606.ensp00000370128,p2079,4
9606.ensp00000309968,p2080,4
9606.ensp00000252891,p2081,4
9606.ensp00000361653,p2082,4
9606.ensp00000302790,p2083,4
9606.ensp00000428787,p2084,4
9606.ensp00000269097,p2085,4
9606.ensp00000297107,p2086,4
9606.ensp00000356130,p2087,4
9606.ensp00000217121,p2088,4
9606.ensp00000376071,p2089,4
9606.ensp00000354490,p2090,4
9606.ensp00000288943,p2091,4
9606.ensp00000324842,p2092,4
9606.ensp00000356795,p2093,4
9606.ensp00000368540,p2094,4
9606.ensp00000250457,p2095,4
9606.ensp00000484803,p2096,4
9606.ensp00000331342,p2097,4
9606.ensp00000285208,p2098,4
9606.ensp00000312150,p2099,4
9606.ensp00000351520,p2100,4
9606.ensp00000324792,p2101,4
9606.ensp00000349588,p2102,4
9606.ensp00000338523,p2103,4
9606.ensp00000384719,p2104,4
9606.ensp00000448689,p2105,4
9606.ensp00000344215,p2106,4
9606.ensp00000344635,p2107,4
9606.ensp00000338629,p2108,4
9606.ensp00000373272,p2109,4
9606.ensp00000232496,p2110,4
9606.ensp00000371393,p2111,4
9606.ensp00000455169,p2112,4
9606.ensp00000371388,p2113,4
9606.ensp00000357459,p2114,4
9606.ensp00000356426,p2115,4
9606.ensp00000442656,p2116,4
9606.ensp00000363708,p2117,4
9606.ensp00000356113,p2118,4
9606.ensp00000385000,p2119,4
9606.ensp00000320084,p2120,4
9606.ensp00000301149,p2121,4
9606.ensp00000228506,p2122,4
9606.ensp00000264157,p2123,4
9606.ensp00000355210,p2124,4
9606.ensp00000222305,p2125,4
9606.ensp00000262241,p2126,4
9606.ensp00000380888,p2127,4
9606.ensp00000350708,p2128,4
9606.ensp00000318373,p2129,4
9606.ensp00000265909,p2130,4
9606.ensp00000261868,p2131,4
9606.ensp00000283646,p2132,4
9606.ensp00000261254,p2133,4
9606.ensp00000429089,p2134,4
9606.ensp00000357393,p2135,4
9606.ensp00000311405,p2136,4
9606.ensp00000243457,p2137,4
9606.ensp00000351022,p2138,4
9606.ensp00000239151,p2139,4
9606.ensp00000380904,p2140,4
9606.ensp00000274376,p2141,4
9606.ensp00000307549,p2142,4
9606.ensp00000304408,p2143,4
9606.ensp00000353654,p2144,4
9606.ensp00000367202,p2145,4
9606.ensp00000040584,p2146,4
9606.ensp00000359988,p2147,4
9606.ensp00000312029,p2148,4
9606.ensp00000382697,p2149,4
9606.ensp00000358813,p2150,4
9606.ensp00000361512,p2151,4
9606.ensp00000226319,p2152,4
9606.ensp00000359557,p2153,4
9606.ensp00000354346,p2154,4
9606.ensp00000317000,p2155,4
9606.ensp00000431391,p2156,4
9606.ensp00000318585,p2157,4
9606.ensp00000346697,p2158,4
9606.ensp00000180166,p2159,4
9606.ensp00000222573,p2160,4
9606.ensp00000377478,p2161,4
9606.ensp00000473093,p2162,4
9606.ensp00000333487,p2163,4
9606.ensp00000442308,p2164,4
9606.ensp00000280527,p2165,4
9606.ensp00000364683,p2166,4
9606.ensp00000302625,p2167,4
9606.ensp00000293549,p2168,4
9606.ensp00000215574,p2169,4
9606.ensp00000478061,p2170,4
9606.ensp00000375857,p2171,4
9606.ensp00000479488,p2172,4
9606.ensp00000416330,p2173,4
9606.ensp00000251287,p2174,4
9606.ensp00000413156,p2175,4
9606.ensp00000376345,p2176,4
9606.ensp00000446215,p2177,4
9606.ensp00000405338,p2178,4
9606.ensp00000267843,p2179,4
9606.ensp00000243077,p2180,4
9606.ensp00000335055,p2181,4
9606.ensp00000361777,p2182,4
9606.ensp00000272233,p2183,4
9606.ensp00000380781,p2184,4
9606.ensp00000341280,p2185,4
9606.ensp00000392423,p2186,4
9606.ensp00000337697,p2187,4
9606.ensp00000239144,p2188,4
9606.ensp00000356042,p2189,4
9606.ensp00000281171,p2190,4
9606.ensp00000287538,p2191,4
9606.ensp00000354686,p2192,4
9606.ensp00000356575,p2193,4
9606.ensp00000335044,p2194,4
9606.ensp00000441954,p2195,4
9606.ensp00000456340,p2196,4
9606.ensp00000298229,p2197,4
9606.ensp00000330696,p2198,4
9606.ensp00000372221,p2199,4
9606.ensp00000369519,p2200,4
9606.ensp00000398273,p2201,4
9606.ensp00000377601,p2202,4
9606.ensp00000261917,p2203,4
9606.ensp00000355718,p2204,4
9606.ensp00000290551,p2205,4
9606.ensp00000462468,p2206,4
9606.ensp00000379065,p2207,4
9606.ensp00000281631,p2208,4
9606.ensp00000308753,p2209,4
9606.ensp00000302456,p2210,4
9606.ensp00000323421,p2211,4
9606.ensp00000378193,p2212,4
9606.ensp00000462435,p2213,4
9606.ensp00000480499,p2214,4
9606.ensp00000357323,p2215,4
9606.ensp00000258418,p2216,4
9606.ensp00000269321,p2217,4
9606.ensp00000357625,p2218,4
9606.ensp00000318867,p2219,4
9606.ensp00000303580,p2220,4
9606.ensp00000380024,p2221,4
9606.ensp00000304501,p2222,4
9606.ensp00000404503,p2223,4
9606.ensp00000357055,p2224,4
9606.ensp00000479667,p2225,4
9606.ensp00000378364,p2226,4
9606.ensp00000327832,p2227,4
9606.ensp00000365730,p2228,4
9606.ensp00000267287,p2229,4
9606.ensp00000310244,p2230,4
9606.ensp00000265641,p2231,4
9606.ensp00000269228,p2232,4
9606.ensp00000246914,p2233,4
9606.ensp00000262041,p2234,4
9606.ensp00000371798,p2235,4
9606.ensp00000366237,p2236,4
9606.ensp00000453793,p2237,4
9606.ensp00000349577,p2238,4
9606.ensp00000344479,p2239,4
9606.ensp00000359225,p2240,4
9606.ensp00000381490,p2241,4
9606.ensp00000357076,p2242,4
9606.ensp00000276390,p2243,4
9606.ensp00000261461,p2244,4
9606.ensp00000261900,p2245,4
9606.ensp00000278742,p2246,4
9606.ensp00000384179,p2247,4
9606.ensp00000249910,p2248,4
9606.ensp00000387246,p2249,4
9606.ensp00000413697,p2250,4
9606.ensp00000325074,p2251,4
9606.ensp00000303706,p2252,4
9606.ensp00000284031,p2253,4
9606.ensp00000249373,p2254,4
9606.ensp00000375921,p2255,4
9606.ensp00000427552,p2256,4
9606.ensp00000371886,p2257,4
9606.ensp00000421280,p2258,4
9606.ensp00000307305,p2259,4
9606.ensp00000455064,p2260,4
9606.ensp00000410083,p2261,4
9606.ensp00000337838,p2262,4
9606.ensp00000313950,p2263,4
9606.ensp00000406046,p2264,4
9606.ensp00000392495,p2265,4
9606.ensp00000260408,p2266,4
9606.ensp00000286614,p2267,4
9606.ensp00000268182,p2268,4
9606.ensp00000331201,p2269,4
9606.ensp00000359019,p2270,4
9606.ensp00000252242,p2271,4
9606.ensp00000357727,p2272,4
9606.ensp00000442318,p2273,4
9606.ensp00000361993,p2274,4
9606.ensp00000356713,p2275,4
9606.ensp00000325663,p2276,4
9606.ensp00000340329,p2277,4
9606.ensp00000420076,p2278,4
9606.ensp00000356849,p2279,4
9606.ensp00000344666,p2280,4
9606.ensp00000315949,p2281,4
9606.ensp00000362981,p2282,4
9606.ensp00000379441,p2283,4
9606.ensp00000353735,p2284,4
9606.ensp00000365439,p2285,4
9606.ensp00000378855,p2286,4
9606.ensp00000363668,p2287,4
9606.ensp00000341957,p2288,4
9606.ensp00000225174,p2289,4
9606.ensp00000274289,p2290,4
9606.ensp00000299084,p2291,4
9606.ensp00000278568,p2292,4
9606.ensp00000363591,p2293,4
9606.ensp00000324573,p2294,4
9606.ensp00000433623,p2295,4
9606.ensp00000358997,p2296,4
9606.ensp00000353785,p2297,4
9606.ensp00000389252,p2298,4
9606.ensp00000265000,p2299,4
9606.ensp00000345083,p2300,4
9606.ensp00000357668,p2301,4
9606.ensp00000418735,p2302,4
9606.ensp00000264187,p2303,4
9606.ensp00000216122,p2304,4
9606.ensp00000248244,p2305,4
9606.ensp00000331305,p2306,4
9606.ensp00000431162,p2307,4
9606.ensp00000380702,p2308,4
9606.ensp00000351209,p2309,4
9606.ensp00000358335,p2310,4
9606.ensp00000449428,p2311,4
9606.ensp00000359424,p2312,4
9606.ensp00000272134,p2313,4
9606.ensp00000375795,p2314,4
9606.ensp00000432218,p2315,4
9606.ensp00000286827,p2316,4
9606.ensp00000392025,p2317,4
9606.ensp00000290921,p2318,4
9606.ensp00000451263,p2319,4
9606.ensp00000327290,p2320,4
9606.ensp00000399518,p2321,4
9606.ensp00000366288,p2322,4
9606.ensp00000306682,p2323,4
9606.ensp00000278836,p2324,4
9606.ensp00000265085,p2325,4
9606.ensp00000286201,p2326,4
9606.ensp00000310623,p2327,4
9606.ensp00000349594,p2328,4
9606.ensp00000313420,p2329,4
9606.ensp00000309116,p2330,4
9606.ensp00000220822,p2331,4
9606.ensp00000432770,p2332,4
9606.ensp00000351338,p2333,4
9606.ensp00000445366,p2334,4
9606.ensp00000326381,p2335,4
9606.ensp00000429015,p2336,4
9606.ensp00000222543,p2337,4
9606.ensp00000243349,p2338,4
9606.ensp00000361708,p2339,4
9606.ensp00000309597,p2340,4
9606.ensp00000375783,p2341,4
9606.ensp00000239223,p2342,4
9606.ensp00000438468,p2343,4
9606.ensp00000349156,p2344,4
9606.ensp00000338235,p2345,4
9606.ensp00000444856,p2346,4
9606.ensp00000285735,p2347,4
9606.ensp00000295927,p2348,4
9606.ensp00000296140,p2349,4
9606.ensp00000261692,p2350,4
9606.ensp00000284523,p2351,4
9606.ensp00000328287,p2352,4
9606.ensp00000383063,p2353,4
9606.ensp00000386348,p2354,4
9606.ensp00000379644,p2355,4
9606.ensp00000417498,p2356,4
9606.ensp00000261797,p2357,4
9606.ensp00000318176,p2358,4
9606.ensp00000266070,p2359,4
9606.ensp00000273047,p2360,4
9606.ensp00000311318,p2361,4
9606.ensp00000354952,p2362,4
9606.ensp00000451712,p2363,4
9606.ensp00000262768,p2364,4
9606.ensp00000351671,p2365,4
9606.ensp00000448051,p2366,4
9606.ensp00000400921,p2367,4
9606.ensp00000377836,p2368,4
9606.ensp00000282382,p2369,4
9606.ensp00000075120,p2370,4
9606.ensp00000005257,p2371,4
9606.ensp00000408526,p2372,4
9606.ensp00000353010,p2373,4
9606.ensp00000421689,p2374,4
9606.ensp00000348455,p2375,4
9606.ensp00000380516,p2376,4
9606.ensp00000253801,p2377,4
9606.ensp00000356320,p2378,4
9606.ensp00000376765,p2379,4
9606.ensp00000305556,p2380,4
9606.ensp00000301015,p2381,4
9606.ensp00000362082,p2382,4
9606.ensp00000313581,p2383,4
9606.ensp00000261205,p2384,4
9606.ensp00000222812,p2385,4
9606.ensp00000258201,p2386,4
9606.ensp00000263212,p2387,4
9606.ensp00000355866,p2388,4
9606.ensp00000382120,p2389,4
9606.ensp00000365016,p2390,4
9606.ensp00000245323,p2391,4
9606.ensp00000340361,p2392,4
9606.ensp00000370256,p2393,4
9606.ensp00000261889,p2394,4
9606.ensp00000329170,p2395,4
9606.ensp00000416126,p2396,4
9606.ensp00000435412,p2397,4
9606.ensp00000353408,p2398,4
9606.ensp00000349486,p2399,4
9606.ensp00000386660,p2400,4
9606.ensp00000341805,p2401,4
9606.ensp00000378365,p2402,4
9606.ensp00000285398,p2403,4
9606.ensp00000310520,p2404,4
9606.ensp00000478828,p2405,4
9606.ensp00000317985,p2406,4
9606.ensp00000202556,p2407,4
9606.ensp00000434024,p2408,4
9606.ensp00000281382,p2409,4
9606.ensp00000311165,p2410,4
9606.ensp00000372654,p2411,4
9606.ensp00000164227,p2412,4
9606.ensp00000379457,p2413,4
9606.ensp00000364886,p2414,4
9606.ensp00000313875,p2415,4
9606.ensp00000417864,p2416,4
9606.ensp00000395654,p2417,4
9606.ensp00000478179,p2418,4
9606.ensp00000362946,p2419,4
9606.ensp00000324422,p2420,4
9606.ensp00000416959,p2421,4
9606.ensp00000445868,p2422,4
9606.ensp00000380333,p2423,4
9606.ensp00000325819,p2424,4
9606.ensp00000265773,p2425,4
9606.ensp00000246747,p2426,4
9606.ensp00000355958,p2427,4
9606.ensp00000401112,p2428,4
9606.ensp00000388620,p2429,4
9606.ensp00000344547,p2430,4
9606.ensp00000464030,p2431,4
9606.ensp00000357669,p2432,4
9606.ensp00000342805,p2433,4
9606.ensp00000222693,p2434,4
9606.ensp00000230990,p2435,4
9606.ensp00000311010,p2436,4
9606.ensp00000262291,p2437,4
9606.ensp00000255120,p2438,4
9606.ensp00000321445,p2439,4
9606.ensp00000360730,p2440,4
9606.ensp00000386135,p2441,4
9606.ensp00000216797,p2442,4
9606.ensp00000363377,p2443,4
9606.ensp00000343126,p2444,4
9606.ensp00000370803,p2445,4
9606.ensp00000346148,p2446,4
9606.ensp00000337641,p2447,4
9606.ensp00000315630,p2448,4
9606.ensp00000273179,p2449,4
9606.ensp00000255465,p2450,4
9606.ensp00000359864,p2451,4
9606.ensp00000322804,p2452,4
9606.ensp00000345008,p2453,4
9606.ensp00000339467,p2454,4
9606.ensp00000255194,p2455,4
9606.ensp00000469686,p2456,4
9606.ensp00000359719,p2457,4
9606.ensp00000384136,p2458,4
9606.ensp00000367817,p2459,4
9606.ensp00000371790,p2460,4
9606.ensp00000396722,p2461,4
9606.ensp00000454207,p2462,4
9606.ensp00000417207,p2463,4
9606.ensp00000301838,p2464,4
9606.ensp00000338785,p2465,4
9606.ensp00000384517,p2466,4
9606.ensp00000357880,p2467,4
9606.ensp00000340836,p2468,4
9606.ensp00000219235,p2469,4
9606.ensp00000384651,p2470,4
9606.ensp00000367910,p2471,4
9606.ensp00000380033,p2472,4
9606.ensp00000305714,p2473,4
9606.ensp00000271688,p2474,4
9606.ensp00000369981,p2475,4
9606.ensp00000419923,p2476,4
9606.ensp00000263640,p2477,4
9606.ensp00000384629,p2478,4
9606.ensp00000358723,p2479,4
9606.ensp00000329967,p2480,4
9606.ensp00000281821,p2481,4
9606.ensp00000271751,p2482,4
9606.ensp00000379287,p2483,4
9606.ensp00000333667,p2484,4
9606.ensp00000386187,p2485,4
9606.ensp00000364929,p2486,4
9606.ensp00000261313,p2487,4
9606.ensp00000360526,p2488,4
9606.ensp00000419184,p2489,4
9606.ensp00000256509,p2490,4
9606.ensp00000235090,p2491,4
9606.ensp00000364721,p2492,4
9606.ensp00000286067,p2493,4
9606.ensp00000273075,p2494,4
9606.ensp00000368215,p2495,4
9606.ensp00000234091,p2496,4
9606.ensp00000303252,p2497,4
9606.ensp00000370542,p2498,4
9606.ensp00000258341,p2499,4
9606.ensp00000397297,p2500,4
9606.ensp00000366474,p2501,4
9606.ensp00000264828,p2502,4
9606.ensp00000365682,p2503,4
9606.ensp00000435373,p2504,4
9606.ensp00000349970,p2505,4
9606.ensp00000301691,p2506,4
9606.ensp00000382592,p2507,4
9606.ensp00000361522,p2508,4
9606.ensp00000356790,p2509,4
9606.ensp00000379975,p2510,4
9606.ensp00000365694,p2511,4
9606.ensp00000362588,p2512,4
9606.ensp00000225655,p2513,4
9606.ensp00000263056,p2514,4
9606.ensp00000309126,p2515,4
9606.ensp00000362817,p2516,4
9606.ensp00000350734,p2517,4
9606.ensp00000483313,p2518,4
9606.ensp00000262982,p2519,4
9606.ensp00000355228,p2520,4
9606.ensp00000419446,p2521,4
9606.ensp00000298510,p2522,4
9606.ensp00000262776,p2523,4
9606.ensp00000362222,p2524,4
9606.ensp00000294489,p2525,4
9606.ensp00000370517,p2526,4
9606.ensp00000413575,p2527,4
9606.ensp00000359540,p2528,4
9606.ensp00000384625,p2529,4
9606.ensp00000482732,p2530,4
9606.ensp00000353030,p2531,4
9606.ensp00000235532,p2532,4
9606.ensp00000306991,p2533,4
9606.ensp00000357206,p2534,4
9606.ensp00000469413,p2535,4
9606.ensp00000348215,p2536,4
9606.ensp00000351333,p2537,4
9606.ensp00000217958,p2538,4
9606.ensp00000263382,p2539,4
9606.ensp00000445704,p2540,4
9606.ensp00000316649,p2541,4
9606.ensp00000326170,p2542,4
9606.ensp00000261183,p2543,4
9606.ensp00000483667,p2544,4
9606.ensp00000292169,p2545,4
9606.ensp00000246792,p2546,4
9606.ensp00000477590,p2547,4
9606.ensp00000482657,p2548,4
9606.ensp00000257414,p2549,4
9606.ensp00000322159,p2550,4
9606.ensp00000294742,p2551,4
9606.ensp00000365280,p2552,4
9606.ensp00000358042,p2553,4
9606.ensp00000382840,p2554,4
9606.ensp00000217971,p2555,4
9606.ensp00000226279,p2556,4
9606.ensp00000469689,p2557,4
9606.ensp00000300747,p2558,4
9606.ensp00000362776,p2559,4
9606.ensp00000293379,p2560,4
9606.ensp00000226225,p2561,4
9606.ensp00000320935,p2562,4
9606.ensp00000412324,p2563,4
9606.ensp00000356919,p2564,4
9606.ensp00000401445,p2565,4
9606.ensp00000376457,p2566,4
9606.ensp00000274255,p2567,4
9606.ensp00000293362,p2568,4
9606.ensp00000340279,p2569,4
9606.ensp00000381034,p2570,4
9606.ensp00000305988,p2571,4
9606.ensp00000357189,p2572,4
9606.ensp00000378323,p2573,4
9606.ensp00000264444,p2574,4
9606.ensp00000361373,p2575,4
9606.ensp00000265562,p2576,4
9606.ensp00000359216,p2577,4
9606.ensp00000306522,p2578,4
9606.ensp00000362748,p2579,4
9606.ensp00000376611,p2580,4
9606.ensp00000371897,p2581,4
9606.ensp00000285311,p2582,4
9606.ensp00000338774,p2583,4
9606.ensp00000397552,p2584,4
9606.ensp00000232217,p2585,4
9606.ensp00000360020,p2586,4
9606.ensp00000358327,p2587,4
9606.ensp00000359612,p2588,4
9606.ensp00000438492,p2589,4
9606.ensp00000219022,p2590,4
9606.ensp00000216181,p2591,4
9606.ensp00000360916,p2592,4
9606.ensp00000313681,p2593,4
9606.ensp00000384570,p2594,4
9606.ensp00000346340,p2595,4
9606.ensp00000357392,p2596,4
9606.ensp00000323183,p2597,4
9606.ensp00000262506,p2598,4
9606.ensp00000297991,p2599,4
9606.ensp00000262741,p2600,4
9606.ensp00000368698,p2601,4
9606.ensp00000479617,p2602,4
9606.ensp00000477715,p2603,4
9606.ensp00000288368,p2604,4
9606.ensp00000291527,p2605,4
9606.ensp00000375872,p2606,4
9606.ensp00000313391,p2607,4
9606.ensp00000420514,p2608,4
9606.ensp00000365931,p2609,4
9606.ensp00000171111,p2610,4
9606.ensp00000183605,p2611,4
9606.ensp00000265371,p2612,4
9606.ensp00000349022,p2613,4
9606.ensp00000346158,p2614,4
9606.ensp00000263409,p2615,4
9606.ensp00000289921,p2616,4
9606.ensp00000316543,p2617,4
9606.ensp00000327968,p2618,4
9606.ensp00000287139,p2619,4
9606.ensp00000263881,p2620,4
9606.ensp00000310226,p2621,4
9606.ensp00000425107,p2622,4
9606.ensp00000359393,p2623,4
9606.ensp00000439467,p2624,4
9606.ensp00000360891,p2625,4
9606.ensp00000199320,p2626,4
9606.ensp00000304822,p2627,4
9606.ensp00000331111,p2628,4
9606.ensp00000325240,p2629,4
9606.ensp00000433146,p2630,4
9606.ensp00000244040,p2631,4
9606.ensp00000377027,p2632,4
9606.ensp00000297857,p2633,4
9606.ensp00000382004,p2634,4
9606.ensp00000378414,p2635,4
9606.ensp00000339484,p2636,4
9606.ensp00000484715,p2637,4
9606.ensp00000379612,p2638,4
9606.ensp00000462729,p2639,4
9606.ensp00000343505,p2640,4
9606.ensp00000261374,p2641,4
9606.ensp00000348838,p2642,4
9606.ensp00000461785,p2643,4
9606.ensp00000287667,p2644,4
9606.ensp00000297532,p2645,4
9606.ensp00000362071,p2646,4
9606.ensp00000311280,p2647,4
9606.ensp00000342105,p2648,4
9606.ensp00000367832,p2649,4
9606.ensp00000285018,p2650,4
9606.ensp00000398124,p2651,4
9606.ensp00000325690,p2652,4
9606.ensp00000287394,p2653,4
9606.ensp00000309782,p2654,4
9606.ensp00000410402,p2655,4
9606.ensp00000261601,p2656,4
9606.ensp00000295228,p2657,4
9606.ensp00000335655,p2658,4
9606.ensp00000318884,p2659,4
9606.ensp00000381876,p2660,4
9606.ensp00000367552,p2661,4
9606.ensp00000301921,p2662,4
9606.ensp00000343952,p2663,4
9606.ensp00000367284,p2664,4
9606.ensp00000483059,p2665,4
9606.ensp00000216160,p2666,4
9606.ensp00000352271,p2667,4
9606.ensp00000362592,p2668,4
9606.ensp00000370003,p2669,4
9606.ensp00000339787,p2670,4
9606.ensp00000300658,p2671,4
9606.ensp00000406367,p2672,4
9606.ensp00000401023,p2673,4
9606.ensp00000387286,p2674,4
9606.ensp00000361087,p2675,4
9606.ensp00000234739,p2676,4
9606.ensp00000378338,p2677,4
9606.ensp00000372088,p2678,4
9606.ensp00000263088,p2679,4
9606.ensp00000333640,p2680,4
9606.ensp00000355966,p2681,4
9606.ensp00000341625,p2682,4
9606.ensp00000304277,p2683,4
9606.ensp00000411197,p2684,4
9606.ensp00000354842,p2685,4
9606.ensp00000283632,p2686,4
9606.ensp00000342858,p2687,4
9606.ensp00000377536,p2688,4
9606.ensp00000393333,p2689,4
9606.ensp00000296509,p2690,4
9606.ensp00000354621,p2691,4
9606.ensp00000243662,p2692,4
9606.ensp00000276603,p2693,4
9606.ensp00000316357,p2694,4
9606.ensp00000297689,p2695,4
9606.ensp00000250615,p2696,4
9606.ensp00000362294,p2697,4
9606.ensp00000371532,p2698,4
9606.ensp00000321573,p2699,4
9606.ensp00000291532,p2700,4
9606.ensp00000362702,p2701,4
9606.ensp00000457991,p2702,4
9606.ensp00000348316,p2703,4
9606.ensp00000314608,p2704,4
9606.ensp00000482245,p2705,4
9606.ensp00000261263,p2706,4
9606.ensp00000360718,p2707,4
9606.ensp00000297316,p2708,4
9606.ensp00000467141,p2709,4
9606.ensp00000422607,p2710,4
9606.ensp00000427562,p2711,4
9606.ensp00000321797,p2712,4
9606.ensp00000238497,p2713,4
9606.ensp00000367972,p2714,4
9606.ensp00000478479,p2715,4
9606.ensp00000417610,p2716,4
9606.ensp00000357448,p2717,4
9606.ensp00000062104,p2718,4
9606.ensp00000294954,p2719,4
9606.ensp00000228945,p2720,4
9606.ensp00000261918,p2721,4
9606.ensp00000311427,p2722,4
9606.ensp00000246548,p2723,4
9606.ensp00000378176,p2724,4
9606.ensp00000239461,p2725,4
9606.ensp00000371194,p2726,4
9606.ensp00000247668,p2727,4
9606.ensp00000270747,p2728,4
9606.ensp00000249363,p2729,4
9606.ensp00000368759,p2730,4
9606.ensp00000482472,p2731,4
9606.ensp00000358541,p2732,4
9606.ensp00000228437,p2733,4
9606.ensp00000275732,p2734,4
9606.ensp00000482335,p2735,4
9606.ensp00000348299,p2736,4
9606.ensp00000261402,p2737,4
9606.ensp00000366702,p2738,4
9606.ensp00000393139,p2739,4
9606.ensp00000404854,p2740,4
9606.ensp00000384491,p2741,4
9606.ensp00000268802,p2742,4
9606.ensp00000317891,p2743,4
9606.ensp00000360269,p2744,4
9606.ensp00000226247,p2745,4
9606.ensp00000374183,p2746,4
9606.ensp00000362768,p2747,4
9606.ensp00000352257,p2748,4
9606.ensp00000264093,p2749,4
9606.ensp00000370719,p2750,4
9606.ensp00000265970,p2751,4
9606.ensp00000306881,p2752,4
9606.ensp00000242786,p2753,4
9606.ensp00000346151,p2754,4
9606.ensp00000298743,p2755,4
9606.ensp00000482581,p2756,4
9606.ensp00000361845,p2757,4
9606.ensp00000262395,p2758,4
9606.ensp00000477908,p2759,4
9606.ensp00000427279,p2760,4
9606.ensp00000257566,p2761,4
9606.ensp00000305416,p2762,4
9606.ensp00000387739,p2763,4
9606.ensp00000366267,p2764,4
9606.ensp00000361072,p2765,4
9606.ensp00000404251,p2766,4
9606.ensp00000296503,p2767,4
9606.ensp00000346762,p2768,4
9606.ensp00000080059,p2769,4
9606.ensp00000219782,p2770,4
9606.ensp00000362574,p2771,4
9606.ensp00000260983,p2772,4
9606.ensp00000221138,p2773,4
9606.ensp00000369756,p2774,4
9606.ensp00000364801,p2775,4
9606.ensp00000294785,p2776,4
9606.ensp00000361892,p2777,4
9606.ensp00000345873,p2778,4
9606.ensp00000352565,p2779,4
9606.ensp00000449999,p2780,4
9606.ensp00000254846,p2781,4
9606.ensp00000365576,p2782,4
9606.ensp00000333298,p2783,4
9606.ensp00000317580,p2784,4
9606.ensp00000266744,p2785,4
9606.ensp00000337180,p2786,4
9606.ensp00000355652,p2787,4
9606.ensp00000217086,p2788,4
9606.ensp00000333188,p2789,4
9606.ensp00000434034,p2790,4
9606.ensp00000265441,p2791,4
9606.ensp00000336740,p2792,4
9606.ensp00000349689,p2793,4
9606.ensp00000381097,p2794,4
9606.ensp00000357068,p2795,4
9606.ensp00000383516,p2796,4
9606.ensp00000434412,p2797,4
9606.ensp00000290158,p2798,4
9606.ensp00000386738,p2799,4
9606.ensp00000370981,p2800,4
9606.ensp00000262065,p2801,4
9606.ensp00000265560,p2802,4
9606.ensp00000320485,p2803,4
9606.ensp00000447241,p2804,4
9606.ensp00000266037,p2805,4
9606.ensp00000329797,p2806,4
9606.ensp00000390651,p2807,4
9606.ensp00000242719,p2808,4
9606.ensp00000238682,p2809,4
9606.ensp00000422464,p2810,4
9606.ensp00000346508,p2811,4
9606.ensp00000260702,p2812,4
9606.ensp00000373783,p2813,4
9606.ensp00000386896,p2814,4
9606.ensp00000256015,p2815,4
9606.ensp00000378217,p2816,4
9606.ensp00000359497,p2817,4
9606.ensp00000274063,p2818,4
9606.ensp00000392985,p2819,4
9606.ensp00000265162,p2820,4
9606.ensp00000363040,p2821,4
9606.ensp00000325425,p2822,4
9606.ensp00000303147,p2823,4
9606.ensp00000440288,p2824,4
9606.ensp00000348381,p2825,4
9606.ensp00000340683,p2826,4
9606.ensp00000387784,p2827,4
9606.ensp00000385751,p2828,4
9606.ensp00000285279,p2829,4
9606.ensp00000308610,p2830,4
9606.ensp00000356899,p2831,4
9606.ensp00000265838,p2832,4
9606.ensp00000428205,p2833,4
9606.ensp00000296098,p2834,4
9606.ensp00000329794,p2835,4
9606.ensp00000279022,p2836,4
9606.ensp00000303920,p2837,4
9606.ensp00000418268,p2838,4
9606.ensp00000387498,p2839,4
9606.ensp00000383044,p2840,4
9606.ensp00000338671,p2841,4
9606.ensp00000330658,p2842,4
9606.ensp00000314214,p2843,4
9606.ensp00000379866,p2844,4
9606.ensp00000358698,p2845,4
9606.ensp00000364794,p2846,4
9606.ensp00000345341,p2847,4
9606.ensp00000405963,p2848,4
9606.ensp00000296674,p2849,4
9606.ensp00000219431,p2850,4
9606.ensp00000303222,p2851,4
9606.ensp00000381958,p2852,4
9606.ensp00000328928,p2853,4
9606.ensp00000429309,p2854,4
9606.ensp00000313199,p2855,4
9606.ensp00000316029,p2856,4
9606.ensp00000263317,p2857,4
9606.ensp00000424896,p2858,4
9606.ensp00000353590,p2859,4
9606.ensp00000319281,p2860,4
9606.ensp00000298316,p2861,4
9606.ensp00000215057,p2862,4
9606.ensp00000351250,p2863,4
9606.ensp00000216492,p2864,4
9606.ensp00000311290,p2865,4
9606.ensp00000340347,p2866,4
9606.ensp00000358867,p2867,4
9606.ensp00000162391,p2868,4
9606.ensp00000360025,p2869,4
9606.ensp00000339155,p2870,4
9606.ensp00000478059,p2871,4
9606.ensp00000400088,p2872,4
9606.ensp00000391800,p2873,4
9606.ensp00000359356,p2874,4
9606.ensp00000356621,p2875,4
9606.ensp00000380073,p2876,4
9606.ensp00000352926,p2877,4
9606.ensp00000394791,p2878,4
9606.ensp00000318861,p2879,4
9606.ensp00000335560,p2880,4
9606.ensp00000014914,p2881,4
9606.ensp00000317214,p2882,4
9606.ensp00000445920,p2883,4
9606.ensp00000451300,p2884,4
9606.ensp00000377778,p2885,4
9606.ensp00000253458,p2886,4
9606.ensp00000025008,p2887,4
9606.ensp00000410715,p2888,4
9606.ensp00000265333,p2889,4
9606.ensp00000404464,p2890,4
9606.ensp00000335247,p2891,4
9606.ensp00000354829,p2892,4
9606.ensp00000324729,p2893,4
9606.ensp00000364589,p2894,4
9606.ensp00000282486,p2895,4
9606.ensp00000359890,p2896,4
9606.ensp00000309198,p2897,4
9606.ensp00000371420,p2898,4
9606.ensp00000325546,p2899,4
9606.ensp00000395704,p2900,4
9606.ensp00000343129,p2901,4
9606.ensp00000461749,p2902,4
9606.ensp00000397908,p2903,4
9606.ensp00000240100,p2904,4
9606.ensp00000311697,p2905,4
9606.ensp00000274721,p2906,4
9606.ensp00000378914,p2907,4
9606.ensp00000424544,p2908,4
9606.ensp00000300289,p2909,4
9606.ensp00000257915,p2910,4
9606.ensp00000261464,p2911,4
9606.ensp00000367830,p2912,4
9606.ensp00000249749,p2913,4
9606.ensp00000228284,p2914,4
9606.ensp00000481697,p2915,4
9606.ensp00000350359,p2916,4
9606.ensp00000384359,p2917,4
9606.ensp00000420588,p2918,4
9606.ensp00000294618,p2919,4
9606.ensp00000408411,p2920,4
9606.ensp00000376506,p2921,4
9606.ensp00000231461,p2922,4
9606.ensp00000378856,p2923,4
9606.ensp00000369753,p2924,4
9606.ensp00000264645,p2925,4
9606.ensp00000323300,p2926,4
9606.ensp00000360060,p2927,4
9606.ensp00000325136,p2928,4
9606.ensp00000481249,p2929,4
9606.ensp00000246533,p2930,4
9606.ensp00000375986,p2931,4
9606.ensp00000220514,p2932,4
9606.ensp00000256383,p2933,4
9606.ensp00000321203,p2934,4
9606.ensp00000261891,p2935,4
9606.ensp00000253122,p2936,4
9606.ensp00000262094,p2937,4
9606.ensp00000252575,p2938,4
9606.ensp00000290378,p2939,4
9606.ensp00000284268,p2940,4
9606.ensp00000349824,p2941,4
9606.ensp00000005178,p2942,4
9606.ensp00000320521,p2943,4
9606.ensp00000371503,p2944,4
9606.ensp00000363458,p2945,4
9606.ensp00000231228,p2946,4
9606.ensp00000264033,p2947,4
9606.ensp00000333896,p2948,4
9606.ensp00000320239,p2949,4
9606.ensp00000444596,p2950,4
9606.ensp00000266066,p2951,4
9606.ensp00000364635,p2952,4
9606.ensp00000322142,p2953,4
9606.ensp00000296839,p2954,4
9606.ensp00000356529,p2955,4
9606.ensp00000377218,p2956,4
9606.ensp00000366897,p2957,4
9606.ensp00000353104,p2958,4
9606.ensp00000370253,p2959,4
9606.ensp00000482218,p2960,4
9606.ensp00000294304,p2961,4
9606.ensp00000359778,p2962,4
9606.ensp00000262013,p2963,4
9606.ensp00000428657,p2964,4
9606.ensp00000305133,p2965,4
9606.ensp00000261893,p2966,4
9606.ensp00000435210,p2967,4
9606.ensp00000362170,p2968,4
9606.ensp00000381601,p2969,4
9606.ensp00000462521,p2970,4
9606.ensp00000295522,p2971,4
9606.ensp00000295822,p2972,4
9606.ensp00000261332,p2973,4
9606.ensp00000266458,p2974,4
9606.ensp00000438875,p2975,4
9606.ensp00000287322,p2976,4
9606.ensp00000282541,p2977,4
9606.ensp00000449089,p2978,4
9606.ensp00000356991,p2979,4
9606.ensp00000312999,p2980,4
9606.ensp00000276052,p2981,4
9606.ensp00000438483,p2982,4
9606.ensp00000358072,p2983,4
9606.ensp00000264335,p2984,4
9606.ensp00000304697,p2985,4
9606.ensp00000296233,p2986,4
9606.ensp00000428540,p2987,4
9606.ensp00000379601,p2988,4
9606.ensp00000275525,p2989,4
9606.ensp00000306010,p2990,4
9606.ensp00000265462,p2991,4
9606.ensp00000367762,p2992,4
9606.ensp00000363054,p2993,4
9606.ensp00000350512,p2994,4
9606.ensp00000355217,p2995,4
9606.ensp00000249396,p2996,4
9606.ensp00000209728,p2997,4
9606.ensp00000355205,p2998,4
9606.ensp00000225328,p2999,4
9606.ensp00000290167,p3000,4
9606.ensp00000370443,p3001,4
9606.ensp00000269848,p3002,4
9606.ensp00000378368,p3003,4
9606.ensp00000321537,p3004,4
9606.ensp00000296577,p3005,4
9606.ensp00000293831,p3006,4
9606.ensp00000228434,p3007,4
9606.ensp00000376293,p3008,4
9606.ensp00000306330,p3009,4
9606.ensp00000280333,p3010,4
9606.ensp00000291547,p3011,4
9606.ensp00000380414,p3012,4
9606.ensp00000358045,p3013,4
9606.ensp00000171887,p3014,4
9606.ensp00000362205,p3015,4
9606.ensp00000365745,p3016,4
9606.ensp00000312664,p3017,4
9606.ensp00000263556,p3018,4
9606.ensp00000359073,p3019,4
9606.ensp00000261783,p3020,4
9606.ensp00000417763,p3021,4
9606.ensp00000359685,p3022,4
9606.ensp00000333266,p3023,4
9606.ensp00000261023,p3024,4
9606.ensp00000259371,p3025,4
9606.ensp00000385545,p3026,4
9606.ensp00000367697,p3027,4
9606.ensp00000297375,p3028,4
9606.ensp00000362298,p3029,4
9606.ensp00000268459,p3030,4
9606.ensp00000351602,p3031,4
9606.ensp00000370372,p3032,4
9606.ensp00000355141,p3033,4
9606.ensp00000327048,p3034,4
9606.ensp00000342793,p3035,4
9606.ensp00000263100,p3036,4
9606.ensp00000401303,p3037,4
9606.ensp00000346671,p3038,4
9606.ensp00000268603,p3039,4
9606.ensp00000468348,p3040,4
9606.ensp00000443926,p3041,4
9606.ensp00000394794,p3042,4
9606.ensp00000295633,p3043,4
9606.ensp00000298717,p3044,4
9606.ensp00000264972,p3045,4
9606.ensp00000329127,p3046,4
9606.ensp00000233809,p3047,4
9606.ensp00000262053,p3048,4
9606.ensp00000329380,p3049,4
9606.ensp00000363492,p3050,4
9606.ensp00000235329,p3051,4
9606.ensp00000414786,p3052,4
9606.ensp00000350833,p3053,4
9606.ensp00000354251,p3054,4
9606.ensp00000329002,p3055,4
9606.ensp00000384823,p3056,4
9606.ensp00000311825,p3057,4
9606.ensp00000350848,p3058,4
9606.ensp00000315137,p3059,4
9606.ensp00000340648,p3060,4
9606.ensp00000478305,p3061,4
9606.ensp00000264246,p3062,4
9606.ensp00000254719,p3063,4
9606.ensp00000360764,p3064,4
9606.ensp00000351605,p3065,4
9606.ensp00000393963,p3066,4
9606.ensp00000247191,p3067,4
9606.ensp00000365048,p3068,4
9606.ensp00000348886,p3069,4
9606.ensp00000237654,p3070,4
9606.ensp00000322457,p3071,4
9606.ensp00000434614,p3072,4
9606.ensp00000378058,p3073,4
9606.ensp00000479606,p3074,4
9606.ensp00000378177,p3075,4
9606.ensp00000315743,p3076,4
9606.ensp00000386200,p3077,4
9606.ensp00000288235,p3078,4
9606.ensp00000361824,p3079,4
9606.ensp00000257770,p3080,4
9606.ensp00000354855,p3081,4
9606.ensp00000432786,p3082,4
9606.ensp00000259939,p3083,4
9606.ensp00000286234,p3084,4
9606.ensp00000310275,p3085,4
9606.ensp00000238855,p3086,4
9606.ensp00000264380,p3087,4
9606.ensp00000481675,p3088,4
9606.ensp00000257552,p3089,4
9606.ensp00000262146,p3090,4
9606.ensp00000340330,p3091,4
9606.ensp00000363661,p3092,4
9606.ensp00000003302,p3093,4
9606.ensp00000361186,p3094,4
9606.ensp00000265087,p3095,4
9606.ensp00000329466,p3096,4
9606.ensp00000318982,p3097,4
9606.ensp00000365924,p3098,4
9606.ensp00000290429,p3099,4
9606.ensp00000296522,p3100,4
9606.ensp00000358081,p3101,4
9606.ensp00000321703,p3102,4
9606.ensp00000353444,p3103,4
9606.ensp00000300035,p3104,4
9606.ensp00000443824,p3105,4
9606.ensp00000296474,p3106,4
9606.ensp00000264716,p3107,4
9606.ensp00000363255,p3108,4
9606.ensp00000376911,p3109,4
9606.ensp00000321606,p3110,4
9606.ensp00000284551,p3111,4
9606.ensp00000262102,p3112,4
9606.ensp00000360689,p3113,4
9606.ensp00000324270,p3114,4
9606.ensp00000260130,p3115,4
9606.ensp00000376800,p3116,4
9606.ensp00000440556,p3117,4
9606.ensp00000361306,p3118,4
9606.ensp00000380697,p3119,4
9606.ensp00000375894,p3120,4
9606.ensp00000386498,p3121,4
9606.ensp00000481728,p3122,4
9606.ensp00000326200,p3123,4
9606.ensp00000355566,p3124,4
9606.ensp00000355621,p3125,4
9606.ensp00000299163,p3126,4
9606.ensp00000300026,p3127,4
9606.ensp00000222823,p3128,4
9606.ensp00000371483,p3129,4
9606.ensp00000340507,p3130,4
9606.ensp00000425487,p3131,4
9606.ensp00000427424,p3132,4
9606.ensp00000262947,p3133,4
9606.ensp00000329915,p3134,4
9606.ensp00000478319,p3135,4
9606.ensp00000287727,p3136,4
9606.ensp00000262510,p3137,4
9606.ensp00000318822,p3138,4
9606.ensp00000356985,p3139,4
9606.ensp00000357535,p3140,4
9606.ensp00000321077,p3141,4
9606.ensp00000323580,p3142,4
9606.ensp00000357928,p3143,4
9606.ensp00000267430,p3144,4
9606.ensp00000418944,p3145,4
9606.ensp00000441831,p3146,4
9606.ensp00000399970,p3147,4
9606.ensp00000340691,p3148,4
9606.ensp00000355518,p3149,4
9606.ensp00000465617,p3150,4
9606.ensp00000436604,p3151,4
9606.ensp00000263026,p3152,4
9606.ensp00000306844,p3153,4
9606.ensp00000379762,p3154,4
9606.ensp00000308413,p3155,4
9606.ensp00000444357,p3156,4
9606.ensp00000366898,p3157,4
9606.ensp00000347454,p3158,4
9606.ensp00000302476,p3159,4
9606.ensp00000378409,p3160,4
9606.ensp00000480150,p3161,4
9606.ensp00000302120,p3162,4
9606.ensp00000462099,p3163,4
9606.ensp00000159111,p3164,4
9606.ensp00000341268,p3165,4
9606.ensp00000375649,p3166,4
9606.ensp00000265070,p3167,4
9606.ensp00000485028,p3168,4
9606.ensp00000345001,p3169,4
9606.ensp00000372313,p3170,4
9606.ensp00000455625,p3171,4
9606.ensp00000256443,p3172,4
9606.ensp00000257749,p3173,4
9606.ensp00000220616,p3174,4
9606.ensp00000381793,p3175,4
9606.ensp00000428489,p3176,4
9606.ensp00000354916,p3177,4
9606.ensp00000331504,p3178,4
9606.ensp00000360058,p3179,4
9606.ensp00000219548,p3180,4
9606.ensp00000377024,p3181,4
9606.ensp00000397863,p3182,4
9606.ensp00000427793,p3183,4
9606.ensp00000241014,p3184,4
9606.ensp00000355923,p3185,4
9606.ensp00000319279,p3186,4
9606.ensp00000368169,p3187,4
9606.ensp00000263816,p3188,4
9606.ensp00000265340,p3189,4
9606.ensp00000262428,p3190,4
9606.ensp00000379842,p3191,4
9606.ensp00000355922,p3192,4
9606.ensp00000377224,p3193,4
9606.ensp00000308535,p3194,4
9606.ensp00000339720,p3195,4
9606.ensp00000361745,p3196,4
9606.ensp00000233813,p3197,4
9606.ensp00000367686,p3198,4
9606.ensp00000007722,p3199,4
9606.ensp00000353452,p3200,4
9606.ensp00000457593,p3201,4
9606.ensp00000308576,p3202,4
9606.ensp00000263966,p3203,4
9606.ensp00000342626,p3204,4
9606.ensp00000364204,p3205,4
9606.ensp00000440864,p3206,4
9606.ensp00000304376,p3207,4
9606.ensp00000370373,p3208,4
9606.ensp00000282903,p3209,4
9606.ensp00000353910,p3210,4
9606.ensp00000254799,p3211,4
9606.ensp00000247178,p3212,4
9606.ensp00000261890,p3213,4
9606.ensp00000364550,p3214,4
9606.ensp00000345826,p3215,4
9606.ensp00000221797,p3216,4
9606.ensp00000369146,p3217,4
9606.ensp00000359258,p3218,4
9606.ensp00000357152,p3219,4
9606.ensp00000253792,p3220,4
9606.ensp00000256707,p3221,4
9606.ensp00000409346,p3222,4
9606.ensp00000215743,p3223,4
9606.ensp00000419185,p3224,4
9606.ensp00000333568,p3225,4
9606.ensp00000393596,p3226,4
9606.ensp00000416523,p3227,4
9606.ensp00000348753,p3228,4
9606.ensp00000258411,p3229,4
9606.ensp00000280200,p3230,4
9606.ensp00000480884,p3231,4
9606.ensp00000353824,p3232,4
9606.ensp00000339659,p3233,4
9606.ensp00000297338,p3234,4
9606.ensp00000482169,p3235,4
9606.ensp00000311344,p3236,4
9606.ensp00000369071,p3237,4
9606.ensp00000217182,p3238,4
9606.ensp00000314067,p3239,4
9606.ensp00000324560,p3240,4
9606.ensp00000326737,p3241,4
9606.ensp00000329213,p3242,4
9606.ensp00000258526,p3243,4
9606.ensp00000310447,p3244,4
9606.ensp00000406873,p3245,4
9606.ensp00000237264,p3246,4
9606.ensp00000270221,p3247,4
9606.ensp00000371084,p3248,4
9606.ensp00000338814,p3249,4
9606.ensp00000263980,p3250,4
9606.ensp00000323879,p3251,4
9606.ensp00000255448,p3252,4
9606.ensp00000278412,p3253,4
9606.ensp00000330432,p3254,4
9606.ensp00000362179,p3255,4
9606.ensp00000259803,p3256,4
9606.ensp00000266269,p3257,4
9606.ensp00000227752,p3258,4
9606.ensp00000355751,p3259,4
9606.ensp00000296953,p3260,4
9606.ensp00000254942,p3261,4
9606.ensp00000378957,p3262,4
9606.ensp00000374409,p3263,4
9606.ensp00000355299,p3264,4
9606.ensp00000172229,p3265,4
9606.ensp00000340913,p3266,4
9606.ensp00000297792,p3267,4
9606.ensp00000302037,p3268,4
9606.ensp00000473631,p3269,4
9606.ensp00000283928,p3270,4
9606.ensp00000312411,p3271,4
9606.ensp00000360613,p3272,4
9606.ensp00000355361,p3273,4
9606.ensp00000358140,p3274,4
9606.ensp00000385763,p3275,4
9606.ensp00000350266,p3276,4
9606.ensp00000371341,p3277,4
9606.ensp00000225983,p3278,4
9606.ensp00000278379,p3279,4
9606.ensp00000254810,p3280,4
9606.ensp00000367177,p3281,4
9606.ensp00000367851,p3282,4
9606.ensp00000380638,p3283,4
9606.ensp00000221132,p3284,4
9606.ensp00000373364,p3285,4
9606.ensp00000480483,p3286,4
9606.ensp00000222553,p3287,4
9606.ensp00000368884,p3288,4
9606.ensp00000341779,p3289,4
9606.ensp00000222248,p3290,4
9606.ensp00000263851,p3291,4
9606.ensp00000217446,p3292,4
9606.ensp00000290649,p3293,4
9606.ensp00000370527,p3294,4
9606.ensp00000377782,p3295,4
9606.ensp00000074304,p3296,4
9606.ensp00000333262,p3297,4
9606.ensp00000452634,p3298,4
9606.ensp00000334373,p3299,4
9606.ensp00000321999,p3300,4
9606.ensp00000367086,p3301,4
9606.ensp00000416561,p3302,4
9606.ensp00000360530,p3303,4
9606.ensp00000263620,p3304,4
9606.ensp00000368516,p3305,4
9606.ensp00000261497,p3306,4
9606.ensp00000341141,p3307,4
9606.ensp00000366404,p3308,4
9606.ensp00000381775,p3309,4
9606.ensp00000336721,p3310,4
9606.ensp00000356155,p3311,4
9606.ensp00000318944,p3312,4
9606.ensp00000222462,p3313,4
9606.ensp00000378690,p3314,4
9606.ensp00000380120,p3315,4
9606.ensp00000309644,p3316,4
9606.ensp00000293829,p3317,4
9606.ensp00000243644,p3318,4
9606.ensp00000406482,p3319,4
9606.ensp00000278903,p3320,4
9606.ensp00000252971,p3321,4
9606.ensp00000436773,p3322,4
9606.ensp00000312021,p3323,4
9606.ensp00000419454,p3324,4
9606.ensp00000360034,p3325,4
9606.ensp00000324196,p3326,4
9606.ensp00000248594,p3327,4
9606.ensp00000264710,p3328,4
9606.ensp00000225719,p3329,4
9606.ensp00000377372,p3330,4
9606.ensp00000216807,p3331,4
9606.ensp00000286692,p3332,4
9606.ensp00000252595,p3333,4
9606.ensp00000354837,p3334,4
9606.ensp00000257527,p3335,4
9606.ensp00000378307,p3336,4
9606.ensp00000360431,p3337,4
9606.ensp00000245304,p3338,4
9606.ensp00000308315,p3339,4
9606.ensp00000351742,p3340,4
9606.ensp00000386710,p3341,4
9606.ensp00000262345,p3342,4
9606.ensp00000265077,p3343,4
9606.ensp00000223127,p3344,4
9606.ensp00000376453,p3345,4
9606.ensp00000313829,p3346,4
9606.ensp00000430950,p3347,4
