nm_000015.3,M0,3
nm_005502.4,M1,3
nm_005157.6,M2,3
nm_020469.3,M3,3
nm_000665.5,M4,3
nm_001101.5,M5,3
nm_000022.4,M6,3
nm_001124.3,M7,3
nm_001618.4,M8,3
nm_000024.5,M9,3
nm_001136.5,M10,3
nm_000214.3,M11,3
nm_000029.4,M12,3
nm_000685.4,M13,3
nm_001621.5,M14,3
nm_001014431.2,M15,3
nm_000477.7,M16,3
nm_000690.4,M17,3
nm_001353765.1,M18,3
nm_000698.5,M19,3
nm_001146.5,M20,3
nm_000700.3,M21,3
nm_001002857.2,M22,3
nm_001154.4,M23,3
nm_000038.6,M24,3
nm_001244249.2,M25,3
nm_001167.3,M26,3
nm_001012270.2,M27,3
nm_000039.2,M28,3
nm_000384.3,M29,3
nm_000041.4,M30,3
nm_000484.4,M31,3
nm_000485.3,M32,3
nm_000043.6,M33,3
nm_000639.3,M34,3
nm_000044.6,M35,3
nm_000351.6,M36,3
nm_000051.3,M37,3
nm_001184.4,M38,3
nm_000489.5,M39,3
nm_000490.5,M40,3
nm_004048.3,M41,3
nm_001291428.2,M42,3
nm_053056.2,M43,3
nm_000633.2,M44,3
nm_001191.4,M45,3
nm_001130845.2,M46,3
nm_004327.4,M47,3
nm_001143805.1,M48,3
nm_005180.9,M49,3
nm_001200.4,M50,3
nm_001202.6,M51,3
nm_007294.3,M52,3
nm_001354609.2,M53,3
nm_000059.3,M54,3
nm_001322243.2,M55,3
nm_000064.4,M56,3
nm_001033952.2,M57,3
nm_001166106.1,M58,3
nm_001305624.1,M59,3
nm_001329921.1,M60,3
nm_004343.3,M61,3
nm_001223.5,M62,3
nm_001354777.1,M63,3
nm_001080124.2,M64,3
nm_000388.4,M65,3
nm_001752.4,M66,3
nm_001172895.1,M67,3
nm_001015051.3,M68,3
nm_001001890.3,M69,3
nm_001031680.2,M70,3
nm_000591.4,M71,3
nm_001178098.2,M72,3
nm_021950.3,M73,3
nm_001243077.2,M74,3
nm_001250.6,M75,3
nm_000074.2,M76,3
nm_000610.4,M77,3
nm_001040059.2,M78,3
nm_001317184.2,M79,3
nm_001290230.2,M80,3
nm_000075.4,M81,3
nm_000389.5,M82,3
nm_004064.4,M83,3
nm_000076.2,M84,3
nm_000077.4,M85,3
nm_004936.4,M86,3
nm_000492.3,M87,3
nm_001831.4,M88,3
nm_001301714.2,M89,3
nm_000392.5,M90,3
nm_001160226.3,M91,3
nm_000088.3,M92,3
nm_001844.5,M93,3
nm_000754.3,M94,3
nm_004074.3,M95,3
nm_000096.4,M96,3
nm_001320793.2,M97,3
nm_001079846.1,M98,3
nm_000756.4,M99,3
nm_005206.5,M100,3
nm_000567.3,M101,3
nm_001315.2,M102,3
nm_000758.4,M103,3
nm_000759.4,M104,3
nm_000099.4,M105,3
nm_001037631.3,M106,3
nm_001098209.2,M107,3
nm_001317237.2,M108,3
nm_001171171.1,M109,3
nm_000499.5,M110,3
nm_000104.3,M111,3
nm_000767.5,M112,3
nm_000106.6,M113,3
nm_000773.4,M114,3
nm_001202855.3,M115,3
nm_000102.4,M116,3
nm_000103.4,M117,3
nm_000789.4,M118,3
nm_001195053.1,M119,3
nm_001330575.1,M120,3
nm_000903.3,M121,3
nm_000109.4,M122,3
nm_001130823.3,M123,3
nm_001207055.2,M124,3
nm_000795.4,M125,3
nm_005225.3,M126,3
nm_001168319.2,M127,3
nm_001166055.1,M128,3
nm_000115.5,M129,3
nm_001178130.3,M130,3
nm_001346897.2,M131,3
nm_001964.3,M132,3
nm_000501.4,M133,3
nm_000118.3,M134,3
nm_001362843.2,M135,3
nm_001309192.2,M136,3
nm_000799.4,M137,3
nm_001005862.2,M138,3
nm_001005915.1,M139,3
nm_001042599.1,M140,3
nm_001166049.2,M141,3
nm_000400.3,M142,3
nm_000125.3,M143,3
nm_001040275.1,M144,3
nm_001203247.2,M145,3
nm_000506.4,M146,3
nm_001311313.2,M147,3
nm_001178096.1,M148,3
nm_000130.4,M149,3
nm_000138.4,M150,3
nm_001361665.2,M151,3
nm_001174063.2,M152,3
nm_000142.4,M153,3
nm_000141.4,M154,3
nm_001166243.3,M155,3
nm_001243088.1,M156,3
nm_002015.4,M157,3
nm_001455.4,M158,3
nm_001110556.2,M159,3
nm_001159920.2,M160,3
nm_001185075.1,M161,3
nm_001306129.1,M162,3
nm_005252.4,M163,3
nm_004958.4,M164,3
nm_000402.4,M165,3
nm_001197297.2,M166,3
nm_001256799.3,M167,3
nm_001002295.2,M168,3
nm_001308093.1,M169,3
nm_000514.4,M170,3
nm_001131019.3,M171,3
nm_000515.5,M172,3
nm_000165.5,M173,3
nm_004004.6,M174,3
nm_000404.4,M175,3
nm_001160045.1,M176,3
nm_000168.6,M177,3
nm_000516.6,M178,3
nm_001142797.2,M179,3
nm_000581.4,M180,3
nm_001012479.1,M181,3
nm_000176.3,M182,3
nm_001146156.2,M183,3
nm_000177.5,M184,3
nm_000561.4,M185,3
nm_000852.3,M186,3
nm_000853.3,M187,3
nm_000179.2,M188,3
nm_000186.3,M189,3
nm_000410.3,M190,3
nm_000601.6,M191,3
nm_001243084.1,M192,3
nm_001242758.1,M193,3
nm_005514.8,M194,3
nm_001243042.1,M195,3
nm_002121.6,M196,3
nm_001243961.2,M197,3
nm_001243965.1,M198,3
nm_001313892.1,M199,3
nm_002133.3,M200,3
nm_000457.4,M201,3
nm_001126102.2,M202,3
nm_001130442.2,M203,3
nm_005524.4,M204,3
nm_002154.4,M205,3
nm_005347.5,M206,3
nm_001540.5,M207,3
nm_001017963.3,M208,3
nm_002156.5,M209,3
nm_001291860.2,M210,3
nm_000621.4,M211,3
nm_002160.4,M212,3
nm_000201.3,M213,3
nm_001282386.1,M214,3
nm_001289910.1,M215,3
nm_001130080.3,M216,3
nm_024013.3,M217,3
nm_000605.4,M218,3
nm_002176.4,M219,3
nm_000619.3,M220,3
nm_000618.5,M221,3
nm_000875.5,M222,3
nm_000612.6,M223,3
nm_000598.5,M224,3
nm_000575.4,M225,3
nm_000576.3,M226,3
nm_000577.5,M227,3
nm_000586.3,M228,3
nm_000417.2,M229,3
nm_000589.4,M230,3
nm_000879.3,M231,3
nm_000600.5,M232,3
nm_000565.4,M233,3
nm_000584.4,M234,3
nm_001168298.2,M235,3
nm_000572.3,M236,3
nm_001354991.2,M237,3
nm_000585.5,M238,3
nm_002190.3,M239,3
nm_001243211.2,M240,3
nm_001565.4,M241,3
nm_000207.3,M242,3
nm_000208.4,M243,3
nm_000632.4,M244,3
nm_000211.5,M245,3
nm_001322194.1,M246,3
nm_002228.4,M247,3
nm_002253.3,M248,3
nm_000222.2,M249,3
nm_001369786.1,M250,3
nm_000425.5,M251,3
nm_005562.3,M252,3
nm_001145454.3,M253,3
nm_005564.5,M254,3
nm_000527.4,M255,3
nm_000230.3,M256,3
nm_001003679.3,M257,3
nm_001177388.1,M258,3
nm_001257374.3,M259,3
nm_001178102.2,M260,3
nm_005577.3,M261,3
nm_000595.4,M262,3
nm_002354.2,M263,3
nm_001003652.4,M264,3
nm_001145102.1,M265,3
nm_005359.5,M266,3
nm_000240.3,M267,3
nm_001123066.3,M268,3
nm_000242.2,M269,3
nm_001197320.1,M270,3
nm_001145336.1,M271,3
nm_001110792.2,M272,3
nm_000243.2,M273,3
nm_000244.3,M274,3
nm_000245.4,M275,3
nm_000899.5,M276,3
nm_002412.5,M277,3
nm_002415.2,M278,3
nm_001145966.2,M279,3
nm_000249.3,M280,3
nm_001197104.1,M281,3
nm_000902.4,M282,3
nm_001145938.2,M283,3
nm_001127891.2,M284,3
nm_002422.5,M285,3
nm_002423.5,M286,3
nm_004994.3,M287,3
nm_004995.4,M288,3
nm_000250.2,M289,3
nm_004996.4,M290,3
nm_000251.2,M291,3
nm_001330358.1,M292,3
nm_000254.2,M293,3
nm_001018016.3,M294,3
nm_001354870.1,M295,3
nm_001293228.2,M296,3
nm_001172566.2,M297,3
nm_000615.7,M298,3
nm_000267.3,M299,3
nm_001145412.3,M300,3
nm_001165412.2,M301,3
nm_002506.2,M302,3
nm_000269.2,M303,3
nm_000620.5,M304,3
nm_000625.4,M305,3
nm_000603.5,M306,3
nm_017617.5,M307,3
nm_000905.4,M308,3
nm_001200001.1,M309,3
nm_000435.3,M310,3
nm_001037738.3,M311,3
nm_002524.5,M312,3
nm_001007792.1,M313,3
nm_001354648.1,M314,3
nm_002546.4,M315,3
nm_000914.4,M316,3
nm_000602.4,M317,3
nm_004562.3,M318,3
nm_000280.4,M319,3
nm_002592.2,M320,3
nm_001347827.2,M321,3
nm_001355016.2,M322,3
nm_000442.5,M323,3
nm_000927.4,M324,3
nm_000295.5,M325,3
nm_006218.4,M326,3
nm_001256045.1,M327,3
nm_001350234.2,M328,3
nm_001282426.2,M329,3
nm_000930.5,M330,3
nm_001145031.2,M331,3
nm_000301.3,M332,3
nm_001126131.2,M333,3
nm_000939.4,M334,3
nm_000446.7,M335,3
nm_001173531.2,M336,3
nm_001001928.3,M337,3
nm_001330615.1,M338,3
nm_001083116.3,M339,3
nm_001276289.1,M340,3
nm_002745.4,M341,3
nm_001040056.3,M342,3
nm_001278547.1,M343,3
nm_002755.3,M344,3
nm_001297555.2,M345,3
nm_000948.6,M346,3
nm_000311.5,M347,3
nm_000021.4,M348,3
nm_000264.4,M349,3
nm_000314.7,M350,3
nm_000315.4,M351,3
nm_000962.4,M352,3
nm_000963.4,M353,3
nm_002820.2,M354,3
nm_001330437.1,M355,3
nm_001267798.2,M356,3
nm_006908.5,M357,3
nm_001354689.2,M358,3
nm_000321.2,M359,3
nm_001145138.2,M360,3
nm_000537.4,M361,3
nm_000323.2,M362,3
nm_002944.2,M363,3
nm_000329.3,M364,3
nm_002961.3,M365,3
nm_001319196.1,M366,3
nm_006272.3,M367,3
nm_002982.4,M368,3
nm_001278736.2,M369,3
nm_000609.7,M370,3
nm_001276503.2,M371,3
nm_000450.2,M372,3
nm_003012.5,M373,3
nm_000193.4,M374,3
nm_006516.3,M375,3
nm_001044.5,M376,3
nm_001045.6,M377,3
nm_021977.4,M378,3
nm_000454.4,M379,3
nm_000636.4,M380,3
nm_003106.4,M381,3
nm_000346.4,M382,3
nm_001309443.2,M383,3
nm_000582.2,M384,3
nm_003140.3,M385,3
nm_001048.4,M386,3
nm_007315.3,M387,3
nm_001369512.1,M388,3
nm_001288718.1,M389,3
nm_012448.3,M390,3
nm_000455.4,M391,3
nm_003182.3,M392,3
nm_005992.1,M393,3
nm_001083962.2,M394,3
nm_001193376.2,M395,3
nm_001128148.3,M396,3
nm_001099691.3,M397,3
nm_000660.7,M398,3
nm_001135599.3,M399,3
nm_001130916.3,M400,3
nm_001024847.2,M401,3
nm_001323316.2,M402,3
nm_000360.4,M403,3
nm_003246.4,M404,3
nm_003254.3,M405,3
nm_000362.4,M406,3
nm_001318787.2,M407,3
nm_003265.2,M408,3
nm_003266.4,M409,3
nm_000594.4,M410,3
nm_001065.3,M411,3
nm_001066.3,M412,3
nm_000546.5,M413,3
nm_001126240.3,M414,3
nm_000368.4,M415,3
nm_000548.5,M416,3
nm_000371.3,M417,3
nm_000474.4,M418,3
nm_001071.4,M419,3
nm_001078.4,M420,3
nm_000376.3,M421,3
nm_001025366.3,M422,3
nm_000551.3,M423,3
nm_003380.5,M424,3
nm_000552.4,M425,3
nm_001256105.1,M426,3
nm_000378.6,M427,3
nm_006297.2,M428,3
nm_001008540.2,M429,3
nm_001015886.1,M430,3
nm_004656.4,M431,3
nm_001004426.2,M432,3
nm_001114978.2,M433,3
nm_003745.1,M434,3
nm_001313998.2,M435,3
nm_001190942.2,M436,3
nm_001145847.2,M437,3
nm_003889.3,M438,3
nm_001142298.2,M439,3
nm_006308.3,M440,3
nm_003955.4,M441,3
nm_001314052.2,M442,3
nm_004795.4,M443,3
nm_001177800.2,M444,3
nm_001257386.2,M445,3
nm_004864.4,M446,3
nm_001349828.2,M447,3
nm_001098540.3,M448,3
nm_001330751.2,M449,3
nm_001206957.1,M450,3
nm_001005735.2,M451,3
nm_012242.4,M452,3
nm_001195573.1,M453,3
nm_001142498.1,M454,3
nm_001193431.2,M455,3
nm_014485.3,M456,3
nm_001349370.2,M457,3
nm_001267706.1,M458,3
nm_001114377.2,M459,3
nm_001291997.2,M460,3
nm_017442.3,M461,3
nm_000463.2,M462,3
nm_001127208.2,M463,3
nm_001047841.1,M464,3
nm_001330343.2,M465,3
nm_021175.4,M466,3
nm_001293557.2,M467,3
nm_001184985.1,M468,3
nm_001256442.2,M469,3
nm_001079821.2,M470,3
nm_001123041.2,M471,3
nm_000247.3,M472,3
nm_007360.4,M473,3
nm_001009984.2,M474,3
nm_001185059.2,M475,3
nm_024514.4,M476,3
nm_001078174.1,M477,3
nm_001017534.2,M478,3
nm_001270927.2,M479,3
nm_021798.4,M480,3
nm_001291695.1,M481,3
nm_001289160.1,M482,3
nm_001032409.3,M483,3
nm_001261825.1,M484,3
nm_001242524.2,M485,3
nm_004212.4,M486,3
nm_001099646.2,M487,3
nm_000777.5,M488,3
nm_006446.5,M489,3
nm_000386.4,M490,3
nm_001080463.2,M491,3
nm_001067.4,M492,3
nm_003061.3,M493,3
nm_001068.3,M494,3
nm_001144070.2,M495,3
nm_001130145.3,M496,3
nm_001040661.2,M497,3
nm_000458.4,M498,3
nm_000525.3,M499,3
nm_021251.3,M500,3
nm_033225.6,M501,3
nm_001144829.2,M502,3
nm_001204197.1,M503,3
nm_006252.4,M504,3
nm_006253.5,M505,3
nm_005399.5,M506,3
nm_001206709.2,M507,3
nm_001040633.1,M508,3
nm_017431.3,M509,3
nm_015629.4,M510,3
nm_000340.2,M511,3
nm_001304803.1,M512,3
nm_025243.4,M513,3
nm_001127445.1,M514,3
nm_005669.5,M515,3
nm_001113498.2,M516,3
nm_000761.5,M517,3
nm_000796.5,M518,3
nm_000863.2,M519,3
nm_000872.5,M520,3
nm_001204193.1,M521,3
nm_000762.6,M522,3
nm_000770.3,M523,3
nm_000771.4,M524,3
nm_000069.3,M525,3
nm_001082.5,M526,3
nm_000673.4,M527,3
nm_001282692.1,M528,3
nm_000769.4,M529,3
nm_000488.3,M530,3
nm_001074.4,M531,3
nm_019093.2,M532,3
nm_007120.3,M533,3
nm_001072.4,M534,3
nm_001076.4,M535,3
nm_021027.3,M536,3
nm_001311193.2,M537,3
nm_000775.4,M538,3
nm_002660.3,M539,3
nm_001270949.1,M540,3
nm_005921.2,M541,3
nm_173481.4,M542,3
nm_001080448.3,M543,3
nm_001304480.1,M544,3
nm_001069.3,M545,3
nm_001080394.4,M546,3
nm_001076552.2,M547,3
nm_001308152.2,M548,3
nm_001236.4,M549,3
nm_001271534.3,M550,3
nm_001276336.1,M551,3
nm_001281765.2,M552,3
nm_001256295.2,M553,3
nm_001136219.2,M554,3
nm_002028.4,M555,3
nm_017412.4,M556,3
nm_001349920.2,M557,3
nm_001013836.2,M558,3
nm_033034.3,M559,3
nm_001317799.2,M560,3
nm_145702.3,M561,3
nm_002386.3,M562,3
nm_001043.3,M563,3
nm_030768.3,M564,3
nm_001146312.2,M565,3
nm_001080.3,M566,3
nm_000909.6,M567,3
nm_001308176.2,M568,3
nm_001882.4,M569,3
nm_004075.5,M570,3
nm_002240.5,M571,3
nm_001317091.1,M572,3
nm_001007097.3,M573,3
nm_000941.3,M574,3
nm_002986.3,M575,3
nm_000540.2,M576,3
nm_003058.4,M577,3
nm_003878.3,M578,3
nm_001301188.1,M579,3
nm_000710.4,M580,3
nm_001135057.3,M581,3
nm_001135731.2,M582,3
nm_001318467.2,M583,3
nm_000683.4,M584,3
nm_018242.3,M585,3
nm_019075.2,M586,3
nm_173353.4,M587,3
nm_000895.3,M588,3
nm_001322284.1,M589,3
nm_001300980.1,M590,3
nm_001082533.1,M591,3
nm_001320801.1,M592,3
nm_138426.4,M593,3
nm_024091.4,M594,3
nm_001130107.1,M595,3
nm_004915.3,M596,3
nm_001897.5,M597,3
nm_001364440.2,M598,3
nm_001205206.3,M599,3
nm_006788.4,M600,3
nm_001195303.3,M601,3
nm_001281786.1,M602,3
nm_000373.4,M603,3
nm_001100118.2,M604,3
nm_001023587.3,M605,3
nm_001040142.2,M606,3
nm_000662.8,M607,3
nm_001330264.1,M608,3
nm_006078.4,M609,3
nm_001201474.1,M610,3
nm_000219.6,M611,3
nm_000025.3,M612,3
nm_000791.4,M613,3
nm_000746.6,M614,3
nm_005400.3,M615,3
nm_030662.3,M616,3
nm_001013703.4,M617,3
nm_001002294.3,M618,3
nm_019078.1,M619,3
nm_005308.3,M620,3
nm_001080471.1,M621,3
nm_000569.7,M622,3
nm_001291866.2,M623,3
nm_000312.3,M624,3
nm_000313.3,M625,3
nm_000787.4,M626,3
nm_003057.3,M627,3
nm_004119.2,M628,3
nm_000531.6,M629,3
nm_000579.3,M630,3
nm_000911.4,M631,3
nm_004551.3,M632,3
nm_001172811.2,M633,3
nm_001362950.1,M634,3
nm_001297590.2,M635,3
nm_003486.7,M636,3
nm_000788.3,M637,3
nm_001136140.2,M638,3
nm_001018137.3,M639,3
nm_020244.3,M640,3
nm_001252377.1,M641,3
nm_001312673.2,M642,3
nm_001184917.3,M643,3
nm_000291.4,M644,3
nm_001105515.3,M645,3
nm_001114396.2,M646,3
nm_001098725.2,M647,3
nm_000882.4,M648,3
nm_000335.4,M649,3
nm_001330345.2,M650,3
nm_000679.4,M651,3
nm_001276326.2,M652,3
nm_004256.4,M653,3
nm_001307985.2,M654,3
nm_004790.5,M655,3
nm_001001290.1,M656,3
nm_001297571.2,M657,3
nm_001039.4,M658,3
nm_001119.5,M659,3
nm_000339.3,M660,3
nm_001098486.2,M661,3
nm_001297419.1,M662,3
nm_001033.5,M663,3
nm_001034.4,M664,3
nm_032526.2,M665,3
nm_001172477.1,M666,3
nm_001135659.2,M667,3
nm_016280.1,M668,3
nm_001002912.5,M669,3
nm_002062.5,M670,3
nm_001284342.3,M671,3
nm_001818.4,M672,3
nm_001237.5,M673,3
nm_001197293.3,M674,3
nm_000194.3,M675,3
nm_001292039.2,M676,3
nm_001719.3,M677,3
nm_001159.4,M678,3
nm_019077.2,M679,3
nm_019076.4,M680,3
nm_000379.4,M681,3
nm_001130101.3,M682,3
nm_001005407.1,M683,3
nm_005691.3,M684,3
nm_021141.4,M685,3
nm_005923.4,M686,3
nm_001166598.2,M687,3
nm_001322902.1,M688,3
nm_001143828.2,M689,3
nm_001303052.2,M690,3
nm_000297.4,M691,3
nm_000681.4,M692,3
nm_000682.7,M693,3
nm_001197115.2,M694,3
nm_001142545.2,M695,3
nm_001083585.3,M696,3
nm_001145795.1,M697,3
nm_005912.3,M698,3
nm_001131007.2,M699,3
nm_001277226.2,M700,3
nm_002439.5,M701,3
nm_021643.3,M702,3
nm_004557.4,M703,3
nm_001127395.3,M704,3
nm_001319071.2,M705,3
nm_003958.4,M706,3
nm_020777.3,M707,3
nm_001122646.3,M708,3
nm_000145.3,M709,3
nm_001305134.1,M710,3
nm_001037802.1,M711,3
nm_015718.3,M712,3
nm_001353916.2,M713,3
nm_000276.4,M714,3
nm_022114.4,M715,3
nm_001184741.1,M716,3
nm_016562.4,M717,3
nm_001282679.2,M718,3
nm_002887.4,M719,3
nm_006183.5,M720,3
nm_001168407.2,M721,3
nm_000663.4,M722,3
nm_001640.4,M723,3
nm_018682.3,M724,3
nm_001003406.2,M725,3
nm_172069.4,M726,3
nm_000765.5,M727,3
nm_000926.4,M728,3
nm_001080479.2,M729,3
nm_001193421.1,M730,3
nm_001171137.2,M731,3
nm_001098816.3,M732,3
nm_001329530.2,M733,3
nm_001282941.2,M734,3
nm_001270546.1,M735,3
nm_001145727.3,M736,3
nm_001080432.3,M737,3
nm_001346937.1,M738,3
nm_145275.1,M739,3
nm_000772.3,M740,3
nm_001160147.2,M741,3
nm_031950.4,M742,3
nm_001039503.2,M743,3
nm_001164750.2,M744,3
nm_001320892.2,M745,3
nm_001284338.1,M746,3
nm_001145998.2,M747,3
nm_001272095.1,M748,3
nm_052874.5,M749,3
nm_001321065.2,M750,3
nm_016230.4,M751,3
nm_016243.3,M752,3
nm_001001336.1,M753,3
nm_000398.7,M754,3
nm_001099856.5,M755,3
nm_001256196.1,M756,3
nm_001354989.2,M757,3
nm_001318067.1,M758,3
nm_002751.7,M759,3
nm_001303252.2,M760,3
nm_002754.5,M761,3
nm_002748.4,M762,3
nm_002749.4,M763,3
nm_001135044.2,M764,3
nm_001351032.2,M765,3
nm_004646.3,M766,3
nm_013233.3,M767,3
nm_001201550.3,M768,3
nm_000120.4,M769,3
nm_014068.3,M770,3
nm_001289050.1,M771,3
nm_180991.5,M772,3
nm_001289002.2,M773,3
nm_001114600.3,M774,3
nm_001198934.2,M775,3
nm_001253908.1,M776,3
nm_001320979.1,M777,3
nm_001193646.1,M778,3
nm_001294161.2,M779,3
nm_001007258.1,M780,3
nm_001286789.2,M781,3
nm_001329790.2,M782,3
nm_000846.5,M783,3
nm_000849.5,M784,3
nm_016219.5,M785,3
nm_003872.3,M786,3
nm_005073.4,M787,3
nm_000966.6,M788,3
nm_001756.4,M789,3
nm_000089.3,M790,3
nm_006672.3,M791,3
nm_003742.4,M792,3
nm_025225.3,M793,3
nm_000053.4,M794,3
nm_001350979.2,M795,3
nm_001002255.2,M796,3
nm_000218.2,M797,3
nm_001206741.1,M798,3
nm_001323573.2,M799,3
nm_001370598.1,M800,3
nm_001286445.3,M801,3
nm_001011545.1,M802,3
nm_000785.4,M803,3
nm_012146.1,M804,3
nm_002360.4,M805,3
nm_003400.4,M806,3
nm_000719.7,M807,3
nm_004044.7,M808,3
nm_000884.3,M809,3
nm_001278669.2,M810,3
nm_001136021.3,M811,3
nm_000367.4,M812,3
nm_001146274.2,M813,3
nm_001008389.3,M814,3
nm_001126060.1,M815,3
nm_000680.4,M816,3
nm_001242692.1,M817,3
nm_001313941.2,M818,3
nm_024734.4,M819,3
nm_000253.3,M820,3
nm_000237.3,M821,3
nm_006988.5,M822,3
nm_001101648.2,M823,3
nm_001145211.3,M824,3
nm_001184732.1,M825,3
nm_000713.3,M826,3
nm_020121.4,M827,3
nm_001025194.2,M828,3
nm_001365405.1,M829,3
nm_000782.5,M830,3
nm_001278599.1,M831,3
nm_000459.4,M832,3
nm_001190918.2,M833,3
nm_001486.4,M834,3
nm_001082959.2,M835,3
nm_001042771.2,M836,3
nm_000238.3,M837,3
nm_018558.4,M838,3
nm_002122.4,M839,3
nm_001364837.1,M840,3
nm_000623.3,M841,3
nm_000832.7,M842,3
nm_001267843.1,M843,3
nm_022121.5,M844,3
nm_152889.3,M845,3
nm_001301347.2,M846,3
nm_000786.4,M847,3
nm_000336.3,M848,3
nm_001127698.2,M849,3
nm_203394.3,M850,3
nm_000055.4,M851,3
nm_001282186.1,M852,3
nm_018727.5,M853,3
nm_003190.4,M854,3
nm_019111.5,M855,3
nm_002125.4,M856,3
nm_001365906.2,M857,3
nm_001229.5,M858,3
nm_001165031.2,M859,3
nm_001346663.2,M860,3
nm_001287761.1,M861,3
nm_001199633.2,M862,3
nm_001300868.1,M863,3
nm_001042618.1,M864,3
nm_001165963.3,M865,3
nm_001297615.2,M866,3
nm_002675.3,M867,3
nm_000964.4,M868,3
nm_006172.4,M869,3
nm_001036.5,M870,3
nm_001195639.2,M871,3
nm_003345.5,M872,3
nm_152888.3,M873,3
nm_004747.4,M874,3
nm_012387.3,M875,3
nm_000071.2,M876,3
nm_001318865.2,M877,3
nm_001370503.1,M878,3
nm_001122633.3,M879,3
nm_001270364.1,M880,3
nm_001320586.2,M881,3
nm_001166538.1,M882,3
nm_001171887.2,M883,3
nm_000801.5,M884,3
nm_000859.3,M885,3
nm_001035.3,M886,3
nm_001282613.1,M887,3
nm_001145044.1,M888,3
nm_001012750.2,M889,3
nm_017947.4,M890,3
nm_001312660.2,M891,3
nm_001040712.2,M892,3
nm_005345.6,M893,3
nm_001366458.2,M894,3
nm_001206955.1,M895,3
nm_018557.2,M896,3
nm_013382.5,M897,3
nm_000678.4,M898,3
nm_000667.4,M899,3
nm_001082618.2,M900,3
nm_004605.2,M901,3
nm_001363464.2,M902,3
nm_002703.5,M903,3
nm_000721.4,M904,3
nm_001308267.2,M905,3
nm_005805.6,M906,3
nm_000061.2,M907,3
nm_001160130.1,M908,3
nm_001276254.2,M909,3
nm_001253912.2,M910,3
nm_000508.5,M911,3
nm_001160154.1,M912,3
nm_000689.5,M913,3
nm_000725.4,M914,3
nm_013262.4,M915,3
nm_000804.4,M916,3
nm_001204824.1,M917,3
nm_001007795.1,M918,3
nm_001278549.2,M919,3
nm_001170714.3,M920,3
nm_001042474.2,M921,3
nm_001256789.3,M922,3
nm_001003941.3,M923,3
nm_000723.5,M924,3
nm_004700.4,M925,3
nm_001216.3,M926,3
nm_015703.5,M927,3
nm_000818.2,M928,3
nm_032709.3,M929,3
nm_001040022.1,M930,3
nm_014935.5,M931,3
nm_005371.6,M932,3
nm_007172.4,M933,3
nm_001281971.2,M934,3
nm_001311311.1,M935,3
nm_001004492.1,M936,3
nm_005546.3,M937,3
nm_052863.3,M938,3
nm_001105563.1,M939,3
nm_001370351.1,M940,3
nm_001164281.2,M941,3
nm_001077511.2,M942,3
nm_022788.4,M943,3
nm_001278921.2,M944,3
nm_000684.3,M945,3
nm_001303139.1,M946,3
nm_001363692.1,M947,3
nm_001657.4,M948,3
nm_006221.3,M949,3
nm_015192.4,M950,3
nm_003286.4,M951,3
nm_001350120.2,M952,3
nm_001008744.2,M953,3
nm_000524.3,M954,3
nm_001123.3,M955,3
nm_000883.4,M956,3
nm_001242559.2,M957,3
nm_030773.3,M958,3
nm_001161584.1,M959,3
nm_198153.3,M960,3
nm_014639.3,M961,3
nm_024697.3,M962,3
nm_024490.3,M963,3
nm_001278596.3,M964,3
nm_004108.3,M965,3
nm_001144900.2,M966,3
nm_001318381.1,M967,3
nm_001075.6,M968,3
nm_001253826.2,M969,3
nm_001202413.1,M970,3
nm_000691.5,M971,3
nm_000101.4,M972,3
nm_001166159.1,M973,3
nm_001363602.2,M974,3
nm_000868.3,M975,3
nm_174936.3,M976,3
nm_018717.5,M977,3
nm_001220488.2,M978,3
nm_001172574.1,M979,3
nm_001102445.2,M980,3
nm_000876.3,M981,3
nm_001116.4,M982,3
nm_001174087.2,M983,3
nm_020318.3,M984,3
nm_153646.3,M985,3
nm_000461.5,M986,3
nm_000078.3,M987,3
nm_000236.3,M988,3
nm_004638.4,M989,3
nm_000871.3,M990,3
nm_001894.4,M991,3
nm_001005737.1,M992,3
nm_144701.3,M993,3
nm_001286075.1,M994,3
nm_005173.4,M995,3
nm_001218.5,M996,3
nm_000068.4,M997,3
nm_000718.4,M998,3
nm_001005505.3,M999,3
nm_018398.3,M1000,3
nm_000726.4,M1001,3
nm_000958.3,M1002,3
nm_004518.6,M1003,3
nm_004878.5,M1004,3
nm_001256324.2,M1005,3
nm_000697.3,M1006,3
nm_001135765.1,M1007,3
nm_000720.4,M1008,3
nm_000722.4,M1009,3
nm_000724.4,M1010,3
nm_005340.7,M1011,3
nm_001054.4,M1012,3
nm_001055.3,M1013,3
nm_178510.2,M1014,3
nm_175067.1,M1015,3
nm_001161812.1,M1016,3
nm_001441.3,M1017,3
nm_001319214.1,M1018,3
nm_003126.4,M1019,3
nm_001204065.2,M1020,3
nm_002872.5,M1021,3
nm_001319224.1,M1022,3
nm_001281768.1,M1023,3
nm_001079519.1,M1024,3
nm_001291920.1,M1025,3
nm_015973.5,M1026,3
nm_033125.4,M1027,3
nm_153006.3,M1028,3
nm_001291980.2,M1029,3
nm_004273.5,M1030,3
nm_006037.3,M1031,3
nm_001080976.3,M1032,3
nm_003309.3,M1033,3
nm_001271620.2,M1034,3
nm_001144964.1,M1035,3
nm_001190906.2,M1036,3
nm_001145775.2,M1037,3
nm_173653.4,M1038,3
nm_021259.3,M1039,3
nm_001278690.1,M1040,3
nm_001004356.3,M1041,3
nm_001134937.1,M1042,3
nm_003054.6,M1043,3
nm_003049.4,M1044,3
nm_001324338.2,M1045,3
nm_001167595.2,M1046,3
nm_005715.3,M1047,3
nm_004106.2,M1048,3
nm_001282512.3,M1049,3
nm_001030311.2,M1050,3
nm_000212.2,M1051,3
nm_000419.5,M1052,3
nm_000509.5,M1053,3
nm_001320044.2,M1054,3
nm_004964.3,M1055,3
nm_000608.2,M1056,3
nm_001145076.3,M1057,3
nm_001134373.2,M1058,3
nm_001101421.3,M1059,3
nm_001005498.3,M1060,3
nm_001289975.1,M1061,3
nm_001363365.2,M1062,3
nm_021003.5,M1063,3
nm_001193476.2,M1064,3
nm_001014797.3,M1065,3
nm_002943.3,M1066,3
nm_182699.4,M1067,3
nm_001127183.4,M1068,3
nm_015306.3,M1069,3
nm_001017969.3,M1070,3
nm_000953.3,M1071,3
nm_001271765.2,M1072,3
nm_015670.6,M1073,3
nm_001282983.2,M1074,3
nm_020409.3,M1075,3
nm_001171930.2,M1076,3
nm_022072.5,M1077,3
nm_001308362.1,M1078,3
nm_015378.4,M1079,3
nm_014188.3,M1080,3
nm_020338.4,M1081,3
nm_001014986.3,M1082,3
nm_000794.5,M1083,3
nm_001166005.1,M1084,3
nm_001480.3,M1085,3
nm_001007225.3,M1086,3
nm_014366.5,M1087,3
nm_032445.2,M1088,3
nm_001302769.2,M1089,3
nm_174909.5,M1090,3
nm_001195194.1,M1091,3
nm_005544.2,M1092,3
nm_001099402.2,M1093,3
nm_001039936.2,M1094,3
nm_001324095.2,M1095,3
nm_001142556.2,M1096,3
nm_001365923.2,M1097,3
nm_005027.4,M1098,3
nm_001270476.2,M1099,3
nm_014248.4,M1100,3
nm_001286431.2,M1101,3
nm_030775.2,M1102,3
nm_016327.3,M1103,3
nm_000669.5,M1104,3
nm_001048171.1,M1105,3
nm_000631.5,M1106,3
nm_001257408.2,M1107,3
nm_004137.4,M1108,3
nm_001004056.2,M1109,3
nm_001034837.3,M1110,3
nm_001135821.2,M1111,3
nm_001271667.1,M1112,3
nm_001256613.1,M1113,3
nm_001168378.1,M1114,3
nm_001244638.2,M1115,3
nm_001277077.1,M1116,3
nm_001163941.2,M1117,3
nm_001039350.3,M1118,3
nm_000113.3,M1119,3
nm_001018041.2,M1120,3
nm_000827.4,M1121,3
nm_001282470.2,M1122,3
nm_000833.5,M1123,3
nm_000834.4,M1124,3
nm_000869.6,M1125,3
nm_002923.4,M1126,3
nm_001318369.1,M1127,3
nm_001319059.2,M1128,3
nm_001318012.2,M1129,3
nm_001025193.1,M1130,3
nm_001318029.2,M1131,3
nm_001142929.1,M1132,3
nm_002054.5,M1133,3
nm_000164.4,M1134,3
nm_001080951.3,M1135,3
nm_004170.6,M1136,3
nm_001142600.1,M1137,3
nm_001318890.1,M1138,3
nm_001010845.2,M1139,3
nm_001142502.2,M1140,3
nm_207359.2,M1141,3
nm_001286563.2,M1142,3
nm_001094.4,M1143,3
nm_001256482.2,M1144,3
nm_004179.2,M1145,3
nm_001005353.2,M1146,3
nm_001199199.2,M1147,3
nm_000840.2,M1148,3
nm_000418.4,M1149,3
nm_001785.3,M1150,3
nm_001080470.2,M1151,3
nm_001144822.1,M1152,3
nm_001206696.1,M1153,3
nm_000766.5,M1154,3
nm_000129.3,M1155,3
nm_001363850.1,M1156,3
nm_000674.3,M1157,3
nm_001002009.2,M1158,3
nm_001077469.3,M1159,3
nm_001017387.1,M1160,3
nm_000912.5,M1161,3
nm_022469.4,M1162,3
nm_001201472.2,M1163,3
nm_001204063.1,M1164,3
nm_001146316.2,M1165,3
nm_015362.4,M1166,3
nm_002111.8,M1167,3
nm_001363233.1,M1168,3
nm_001367773.1,M1169,3
nm_001270695.1,M1170,3
nm_000487.6,M1171,3
nm_001281737.1,M1172,3
nm_004860.4,M1173,3
nm_001190737.2,M1174,3
nm_001012393.3,M1175,3
nm_006849.3,M1176,3
nm_005859.5,M1177,3
nm_003435.5,M1178,3
nm_001265597.3,M1179,3
nm_001145548.2,M1180,3
nm_145167.3,M1181,3
nm_001320308.1,M1182,3
nm_001003931.3,M1183,3
nm_031476.4,M1184,3
nm_000334.4,M1185,3
nm_003167.4,M1186,3
nm_001199954.2,M1187,3
nm_001163034.2,M1188,3
nm_001163940.2,M1189,3
nm_001346487.2,M1190,3
nm_001365758.1,M1191,3
nm_133373.5,M1192,3
nm_080866.3,M1193,3
nm_001207019.2,M1194,3
nm_001164749.2,M1195,3
nm_175737.4,M1196,3
nm_001368170.1,M1197,3
nm_001113226.2,M1198,3
nm_000784.4,M1199,3
nm_000779.4,M1200,3
nm_001008736.1,M1201,3
nm_001040109.2,M1202,3
nm_014805.4,M1203,3
nm_000614.4,M1204,3
nm_001037131.3,M1205,3
nm_001365536.1,M1206,3
nm_001004708.1,M1207,3
nm_001318536.1,M1208,3
nm_001242366.3,M1209,3
nm_001317188.1,M1210,3
nm_005429.5,M1211,3
nm_001017389.1,M1212,3
nm_005420.3,M1213,3
nm_148961.4,M1214,3
nm_001256686.2,M1215,3
nm_001509.2,M1216,3
nm_000850.5,M1217,3
nm_001286691.2,M1218,3
nm_001286838.1,M1219,3
nm_000844.4,M1220,3
nm_007232.3,M1221,3
nm_001305581.2,M1222,3
nm_001102669.2,M1223,3
nm_000431.4,M1224,3
nm_001278563.3,M1225,3
nm_018339.6,M1226,3
nm_001166247.1,M1227,3
nm_001202475.1,M1228,3
nm_000170.2,M1229,3
nm_000828.4,M1230,3
nm_000641.4,M1231,3
nm_001039583.1,M1232,3
nm_001024845.3,M1233,3
nm_001257328.2,M1234,3
nm_001204106.2,M1235,3
nm_001122842.3,M1236,3
nm_001346075.2,M1237,3
nm_001130146.2,M1238,3
nm_005245.4,M1239,3
nm_001149.3,M1240,3
nm_004426.3,M1241,3
nm_005907.4,M1242,3
nm_001318889.2,M1243,3
nm_002500.4,M1244,3
nm_053002.5,M1245,3
nm_001077.3,M1246,3
nm_001256139.1,M1247,3
nm_001363683.2,M1248,3
nm_001018078.2,M1249,3
nm_001128431.4,M1250,3
nm_004122.2,M1251,3
nm_000960.4,M1252,3
nm_001261.4,M1253,3
nm_001206897.1,M1254,3
nm_000050.4,M1255,3
nm_001145338.1,M1256,3
nm_001243.5,M1257,3
nm_001103160.2,M1258,3
nm_001270622.2,M1259,3
nm_000228.3,M1260,3
nm_005075.2,M1261,3
nm_001010848.4,M1262,3
nm_000790.4,M1263,3
nm_000545.6,M1264,3
nm_001061.6,M1265,3
nm_000901.5,M1266,3
nm_001351157.2,M1267,3
nm_000830.5,M1268,3
nm_005723.4,M1269,3
nm_001040118.2,M1270,3
nm_000443.4,M1271,3
nm_003654.6,M1272,3
nm_001145357.2,M1273,3
nm_000036.2,M1274,3
nm_000169.2,M1275,3
nm_000139.5,M1276,3
nm_001089.3,M1277,3
nm_080658.2,M1278,3
nm_001142777.2,M1279,3
nm_001297602.2,M1280,3
nm_000221.3,M1281,3
nm_001038.6,M1282,3
nm_001091.4,M1283,3
nm_001204144.3,M1284,3
nm_001351306.2,M1285,3
nm_000956.4,M1286,3
nm_001321770.2,M1287,3
nm_001204171.1,M1288,3
nm_000452.3,M1289,3
nm_001171818.2,M1290,3
nm_006406.2,M1291,3
nm_000977.3,M1292,3
nm_001079528.4,M1293,3
nm_000052.7,M1294,3
nm_032834.4,M1295,3
nm_001319292.2,M1296,3
nm_001039492.3,M1297,3
nm_001256856.1,M1298,3
nm_001323374.2,M1299,3
nm_001253.4,M1300,3
nm_001171805.3,M1301,3
nm_006248.4,M1302,3
nm_001204406.1,M1303,3
nm_001321193.2,M1304,3
nm_001363567.1,M1305,3
nm_000740.3,M1306,3
nm_005242.6,M1307,3
nm_001363563.1,M1308,3
nm_001385.3,M1309,3
nm_002738.7,M1310,3
nm_001270616.2,M1311,3
nm_001282425.1,M1312,3
nm_005946.3,M1313,3
nm_005527.4,M1314,3
nm_001145146.2,M1315,3
nm_001285439.2,M1316,3
nm_001025158.2,M1317,3
nm_000123.3,M1318,3
nm_145867.2,M1319,3
nm_022479.3,M1320,3
nm_001130674.3,M1321,3
nm_001301132.2,M1322,3
nm_001300950.1,M1323,3
nm_001128916.1,M1324,3
nm_000040.3,M1325,3
nm_000498.3,M1326,3
nm_015180.5,M1327,3
nm_001122847.3,M1328,3
nm_001163315.2,M1329,3
nm_001308122.1,M1330,3
nm_001859.4,M1331,3
nm_000668.6,M1332,3
nm_002341.1,M1333,3
nm_001293306.2,M1334,3
nm_001270507.2,M1335,3
nm_001042517.2,M1336,3
nm_000806.5,M1337,3
nm_001291985.1,M1338,3
nm_001273.5,M1339,3
nm_000774.5,M1340,3
nm_001329754.2,M1341,3
nm_000701.8,M1342,3
nm_001111097.3,M1343,3
nm_000819.5,M1344,3
nm_001165038.2,M1345,3
nm_001252338.2,M1346,3
nm_001206615.2,M1347,3
nm_001288713.1,M1348,3
nm_001244585.1,M1349,3
nm_002217.3,M1350,3
nm_001136041.3,M1351,3
nm_004497.3,M1352,3
nm_001010881.2,M1353,3
nm_001350748.2,M1354,3
nm_001145468.3,M1355,3
nm_006886.4,M1356,3
nm_030582.4,M1357,3
nm_000802.3,M1358,3
nm_014219.2,M1359,3
nm_005516.6,M1360,3
nm_001024074.3,M1361,3
nm_000915.4,M1362,3
nm_022555.3,M1363,3
nm_000811.3,M1364,3
nm_001098534.2,M1365,3
nm_001099436.4,M1366,3
nm_001252274.3,M1367,3
nm_001289020.3,M1368,3
nm_005622.4,M1369,3
nm_001670.3,M1370,3
nm_001267623.2,M1371,3
nm_001319100.2,M1372,3
nm_000957.2,M1373,3
nm_013240.6,M1374,3
nm_001242466.2,M1375,3
nm_000637.5,M1376,3
nm_001201573.1,M1377,3
nm_001025087.2,M1378,3
nm_133445.2,M1379,3
nm_001128833.2,M1380,3
nm_000747.3,M1381,3
nm_001270484.1,M1382,3
nm_000780.4,M1383,3
nm_000749.5,M1384,3
nm_001005417.2,M1385,3
nm_001166107.1,M1386,3
nm_001163817.2,M1387,3
nm_000862.3,M1388,3
nm_002737.3,M1389,3
nm_001098536.2,M1390,3
nm_016397.2,M1391,3
nm_001040623.3,M1392,3
nm_006345.4,M1393,3
nm_001083899.2,M1394,3
nm_001105069.2,M1395,3
nm_001324371.2,M1396,3
nm_001079539.1,M1397,3
nm_000959.4,M1398,3
nm_001272042.1,M1399,3
nm_000807.4,M1400,3
nm_001257281.2,M1401,3
nm_001290553.1,M1402,3
nm_014206.4,M1403,3
nm_004781.4,M1404,3
nm_001184900.3,M1405,3
nm_016270.3,M1406,3
nm_001190821.1,M1407,3
nm_001371271.1,M1408,3
nm_002427.4,M1409,3
nm_001039802.2,M1410,3
nm_000086.2,M1411,3
nm_003107.3,M1412,3
nm_001199492.1,M1413,3
nm_006361.5,M1414,3
nm_001127496.2,M1415,3
nm_001282166.1,M1416,3
nm_022161.4,M1417,3
nm_001238.4,M1418,3
nm_001145306.1,M1419,3
nm_004419.4,M1420,3
nm_001324281.2,M1421,3
nm_003226.3,M1422,3
nm_001025081.2,M1423,3
nm_002934.3,M1424,3
nm_001165924.1,M1425,3
nm_001451.3,M1426,3
nm_001024613.4,M1427,3
nm_001009999.3,M1428,3
nm_001042483.2,M1429,3
nm_001130678.3,M1430,3
nm_004559.5,M1431,3
nm_001160.3,M1432,3
nm_006240.2,M1433,3
nm_000800.5,M1434,3
nm_000687.4,M1435,3
nm_001297698.2,M1436,3
nm_014740.4,M1437,3
nm_001221.4,M1438,3
nm_001195683.2,M1439,3
nm_194449.4,M1440,3
nm_182762.4,M1441,3
nm_001039490.1,M1442,3
nm_006191.3,M1443,3
nm_000478.6,M1444,3
nm_001142351.2,M1445,3
nm_002831.6,M1446,3
nm_019102.4,M1447,3
nm_007191.5,M1448,3
nm_001024844.2,M1449,3
nm_001301085.2,M1450,3
nm_001291780.2,M1451,3
nm_001118887.2,M1452,3
nm_005985.4,M1453,3
nm_001301025.3,M1454,3
nm_001128128.2,M1455,3
nm_002892.4,M1456,3
nm_003842.5,M1457,3
nm_004104.5,M1458,3
nm_007038.5,M1459,3
nm_005522.4,M1460,3
nm_002141.5,M1461,3
nm_018951.4,M1462,3
nm_005523.5,M1463,3
nm_000522.5,M1464,3
nm_006896.4,M1465,3
nm_152739.4,M1466,3
nm_001143676.1,M1467,3
nm_001037328.2,M1468,3
nm_017588.3,M1469,3
nm_004503.4,M1470,3
nm_001256182.2,M1471,3
nm_017955.4,M1472,3
nm_001260.3,M1473,3
nm_001042399.1,M1474,3
nm_001303404.2,M1475,3
nm_001032364.2,M1476,3
nm_017969.3,M1477,3
nm_001270987.2,M1478,3
nm_017572.4,M1479,3
nm_001303256.3,M1480,3
nm_001204054.2,M1481,3
nm_001331026.2,M1482,3
nm_015710.5,M1483,3
nm_022731.5,M1484,3
nm_001303411.2,M1485,3
nm_002999.4,M1486,3
nm_001009555.3,M1487,3
nm_003083.4,M1488,3
nm_001281.3,M1489,3
nm_020123.4,M1490,3
nm_013245.3,M1491,3
nm_001130519.3,M1492,3
nm_001262.2,M1493,3
nm_001007156.2,M1494,3
nm_001281533.1,M1495,3
nm_001946.4,M1496,3
nm_003068.5,M1497,3
nm_001300750.1,M1498,3
nm_024578.3,M1499,3
nm_000344.3,M1500,3
nm_001171653.2,M1501,3
nm_001256721.1,M1502,3
nm_001256099.2,M1503,3
nm_001163788.3,M1504,3
nm_001324511.2,M1505,3
nm_001297704.2,M1506,3
nm_001365308.1,M1507,3
nm_000067.3,M1508,3
nm_022842.5,M1509,3
nm_001848.2,M1510,3
nm_001005502.2,M1511,3
nm_000757.6,M1512,3
nm_002994.5,M1513,3
nm_005708.5,M1514,3
nm_001330561.2,M1515,3
nm_001258390.1,M1516,3
nm_001351397.2,M1517,3
nm_001160354.2,M1518,3
nm_006500.3,M1519,3
nm_001247988.1,M1520,3
nm_006169.2,M1521,3
nm_001270391.2,M1522,3
nm_001145845.1,M1523,3
nm_003155.3,M1524,3
nm_001321207.2,M1525,3
nm_001130144.2,M1526,3
nm_001251825.2,M1527,3
nm_001278610.1,M1528,3
nm_001330429.1,M1529,3
nm_001130861.1,M1530,3
nm_001205254.2,M1531,3
nm_001032292.2,M1532,3
nm_000345.4,M1533,3
nm_001114117.1,M1534,3
nm_001199649.2,M1535,3
nm_001080855.3,M1536,3
nm_001010942.3,M1537,3
nm_001363068.2,M1538,3
nm_000072.3,M1539,3
nm_014641.3,M1540,3
nm_001173467.3,M1541,3
nm_003337.4,M1542,3
nm_001278712.2,M1543,3
nm_001947.4,M1544,3
nm_002137.4,M1545,3
nm_018702.4,M1546,3
nm_001010850.1,M1547,3
nm_130769.4,M1548,3
nm_001164737.2,M1549,3
nm_002038.4,M1550,3
nm_021127.3,M1551,3
nm_002336.3,M1552,3
nm_001303110.2,M1553,3
nm_000369.3,M1554,3
nm_014572.3,M1555,3
nm_005381.3,M1556,3
nm_001039667.3,M1557,3
nm_001113490.1,M1558,3
nm_003941.4,M1559,3
nm_001013415.2,M1560,3
nm_012306.4,M1561,3
nm_001354844.1,M1562,3
nm_001130829.1,M1563,3
nm_001287582.2,M1564,3
nm_001206796.3,M1565,3
nm_020139.4,M1566,3
nm_002918.5,M1567,3
nm_004502.4,M1568,3
nm_001025596.2,M1569,3
nm_001324066.2,M1570,3
nm_001206729.1,M1571,3
nm_014862.4,M1572,3
nm_005207.4,M1573,3
nm_001430.5,M1574,3
nm_003468.4,M1575,3
nm_000227.5,M1576,3
nm_002608.4,M1577,3
nm_001321982.2,M1578,3
nm_001178133.2,M1579,3
nm_006522.4,M1580,3
nm_001136031.3,M1581,3
nm_002211.4,M1582,3
nm_001271082.1,M1583,3
nm_003045.5,M1584,3
nm_003183.6,M1585,3
nm_001289979.2,M1586,3
nm_001198850.2,M1587,3
nm_001270940.2,M1588,3
nm_001134296.1,M1589,3
nm_001319945.2,M1590,3
nm_017540.3,M1591,3
nm_015375.3,M1592,3
nm_001243891.2,M1593,3
nm_173511.4,M1594,3
nm_000702.4,M1595,3
nm_004418.4,M1596,3
nm_001319839.2,M1597,3
nm_005149.3,M1598,3
nm_001282529.1,M1599,3
nm_001308103.2,M1600,3
nm_001012505.1,M1601,3
nm_001002233.1,M1602,3
nm_001363953.1,M1603,3
nm_001282985.1,M1604,3
nm_000034.3,M1605,3
nm_001128930.2,M1606,3
nm_032815.3,M1607,3
nm_001127493.2,M1608,3
nm_001135095.2,M1609,3
nm_001243076.2,M1610,3
nm_001366803.1,M1611,3
nm_000826.4,M1612,3
nm_001271629.2,M1613,3
nm_001193511.2,M1614,3
nm_001135733.2,M1615,3
nm_001364015.1,M1616,3
nm_001042681.2,M1617,3
nm_001039111.3,M1618,3
nm_004496.5,M1619,3
nm_007275.2,M1620,3
nm_018290.4,M1621,3
nm_001201477.2,M1622,3
nm_080725.3,M1623,3
nm_001319077.2,M1624,3
nm_001025107.3,M1625,3
nm_001143820.2,M1626,3
nm_001130172.2,M1627,3
nm_001292034.3,M1628,3
nm_004302.5,M1629,3
nm_001204.7,M1630,3
nm_033102.3,M1631,3
nm_001098511.2,M1632,3
nm_001024736.2,M1633,3
nm_001143976.1,M1634,3
nm_001286818.1,M1635,3
nm_001257199.2,M1636,3
nm_001303627.1,M1637,3
nm_001241.4,M1638,3
nm_001195071.1,M1639,3
nm_001321150.2,M1640,3
nm_001193508.1,M1641,3
nm_015156.4,M1642,3
nm_005121.3,M1643,3
nm_001244713.1,M1644,3
nm_001197181.2,M1645,3
nm_001134673.4,M1646,3
nm_001201459.1,M1647,3
nm_001301089.1,M1648,3
nm_001284335.1,M1649,3
nm_144563.3,M1650,3
nm_001759.4,M1651,3
nm_004702.2,M1652,3
nm_004952.5,M1653,3
nm_002148.3,M1654,3
nm_015270.5,M1655,3
nm_000248.3,M1656,3
nm_000891.2,M1657,3
nm_000366.6,M1658,3
nm_002147.3,M1659,3
nm_001722.3,M1660,3
nm_002890.3,M1661,3
nm_001198.4,M1662,3
nm_002522.4,M1663,3
nm_000090.3,M1664,3
nm_001846.4,M1665,3
nm_001278275.1,M1666,3
nm_001316345.2,M1667,3
nm_001321703.2,M1668,3
nm_024674.6,M1669,3
nm_022658.4,M1670,3
nm_001033044.4,M1671,3
nm_001190987.3,M1672,3
nm_001166496.1,M1673,3
nm_001190720.2,M1674,3
nm_003403.5,M1675,3
nm_003355.2,M1676,3
nm_005406.3,M1677,3
nm_001166691.1,M1678,3
nm_001204402.1,M1679,3
nm_001287437.2,M1680,3
nm_012317.4,M1681,3
nm_001194954.1,M1682,3
nm_001144903.3,M1683,3
nm_001142930.2,M1684,3
nm_001207048.2,M1685,3
nm_001003940.2,M1686,3
nm_019851.3,M1687,3
nm_002214.3,M1688,3
nm_001166386.3,M1689,3
nm_005363.3,M1690,3
nm_005362.4,M1691,3
nm_001282501.2,M1692,3
nm_001173487.1,M1693,3
nm_016441.3,M1694,3
nm_012342.3,M1695,3
nm_001363813.1,M1696,3
nm_005430.4,M1697,3
nm_004359.2,M1698,3
nm_002356.7,M1699,3
nm_001137550.2,M1700,3
nm_001281496.1,M1701,3
nm_000358.3,M1702,3
nm_001194.4,M1703,3
nm_001142624.2,M1704,3
nm_002086.5,M1705,3
nm_001080547.2,M1706,3
nm_001300796.1,M1707,3
nm_001017915.3,M1708,3
nm_002009.4,M1709,3
nm_002332.3,M1710,3
nm_001291965.1,M1711,3
nm_001004317.4,M1712,3
nm_001122821.2,M1713,3
nm_004040.4,M1714,3
nm_001271043.2,M1715,3
nm_001199839.1,M1716,3
nm_001267040.1,M1717,3
nm_005045.4,M1718,3
nm_000555.3,M1719,3
nm_001243186.2,M1720,3
nm_024016.4,M1721,3
nm_001111077.2,M1722,3
nm_002848.4,M1723,3
nm_001330661.1,M1724,3
nm_001145365.2,M1725,3
nm_006734.4,M1726,3
nm_001347839.1,M1727,3
nm_001285878.1,M1728,3
nm_001001419.3,M1729,3
nm_001144074.2,M1730,3
nm_001567.4,M1731,3
nm_002562.6,M1732,3
nm_002639.5,M1733,3
nm_002451.4,M1734,3
nm_001261414.3,M1735,3
nm_001289067.1,M1736,3
nm_005477.3,M1737,3
nm_005618.4,M1738,3
nm_006763.3,M1739,3
nm_005433.4,M1740,3
nm_001282902.3,M1741,3
nm_001203258.2,M1742,3
nm_001178055.2,M1743,3
nm_014547.5,M1744,3
nm_001302461.2,M1745,3
nm_001281463.1,M1746,3
nm_001142326.1,M1747,3
nm_015964.4,M1748,3
nm_001257137.3,M1749,3
nm_001198899.1,M1750,3
nm_001130849.1,M1751,3
nm_001320923.1,M1752,3
nm_001185077.3,M1753,3
nm_004052.3,M1754,3
nm_004391.3,M1755,3
nm_001001349.2,M1756,3
nm_001127582.2,M1757,3
nm_001078166.2,M1758,3
nm_000676.2,M1759,3
nm_001127240.3,M1760,3
nm_001297576.2,M1761,3
nm_001322227.2,M1762,3
nm_001243027.3,M1763,3
nm_000617.3,M1764,3
nm_001031722.4,M1765,3
nm_001256312.2,M1766,3
nm_001306070.1,M1767,3
nm_001128602.2,M1768,3
nm_001195286.2,M1769,3
nm_001031847.2,M1770,3
nm_001197325.2,M1771,3
nm_000271.5,M1772,3
nm_001321299.2,M1773,3
nm_005924.5,M1774,3
nm_003088.4,M1775,3
nm_004401.3,M1776,3
nm_001220482.2,M1777,3
nm_001195226.2,M1778,3
nm_006186.4,M1779,3
nm_001286055.1,M1780,3
nm_001170803.2,M1781,3
nm_001277223.2,M1782,3
nm_001693.4,M1783,3
nm_001303511.2,M1784,3
nm_017629.4,M1785,3
nm_001199756.2,M1786,3
nm_001240.4,M1787,3
nm_001286102.1,M1788,3
nm_021978.4,M1789,3
nm_001362836.2,M1790,3
nm_004774.4,M1791,3
nm_000399.5,M1792,3
nm_006609.4,M1793,3
nm_001135729.1,M1794,3
nm_001177591.2,M1795,3
nm_001789.3,M1796,3
nm_001134445.2,M1797,3
nm_001278618.1,M1798,3
nm_005631.5,M1799,3
nm_000438.6,M1800,3
nm_020310.3,M1801,3
nm_001202521.1,M1802,3
nm_001114633.1,M1803,3
nm_001003688.1,M1804,3
nm_012334.3,M1805,3
nm_019058.4,M1806,3
nm_001076785.3,M1807,3
nm_001352088.1,M1808,3
nm_022346.5,M1809,3
nm_001321859.2,M1810,3
nm_004091.4,M1811,3
nm_001256834.3,M1812,3
nm_001256849.1,M1813,3
nm_004111.6,M1814,3
nm_001355204.2,M1815,3
nm_001110.4,M1816,3
nm_001292001.2,M1817,3
nm_005941.5,M1818,3
nm_003870.4,M1819,3
nm_004712.5,M1820,3
nm_005029.4,M1821,3
nm_000424.4,M1822,3
nm_002965.4,M1823,3
nm_001329674.2,M1824,3
nm_001145951.2,M1825,3
nm_005030.6,M1826,3
nm_000416.2,M1827,3
nm_001142315.2,M1828,3
nm_001005474.3,M1829,3
nm_005898.5,M1830,3
nm_014445.4,M1831,3
nm_001314014.2,M1832,3
nm_000268.3,M1833,3
nm_001199746.2,M1834,3
nm_001199513.1,M1835,3
nm_152405.5,M1836,3
nm_001195622.1,M1837,3
nm_001318186.1,M1838,3
nm_080867.3,M1839,3
nm_001141969.2,M1840,3
nm_001031685.3,M1841,3
nm_005729.4,M1842,3
nm_001252226.1,M1843,3
nm_152594.3,M1844,3
nm_001128620.1,M1845,3
nm_002398.3,M1846,3
nm_001188.4,M1847,3
nm_002229.3,M1848,3
nm_001286968.2,M1849,3
nm_001135564.1,M1850,3
nm_001167681.2,M1851,3
nm_004620.4,M1852,3
nm_001025242.2,M1853,3
nm_007030.3,M1854,3
nm_001419.3,M1855,3
nm_001033047.3,M1856,3
nm_017423.3,M1857,3
nm_001316332.2,M1858,3
nm_001288973.2,M1859,3
nm_001318781.2,M1860,3
nm_002508.3,M1861,3
nm_006739.4,M1862,3
nm_014261.1,M1863,3
nm_016272.4,M1864,3
nm_014335.3,M1865,3
nm_012333.5,M1866,3
nm_001329090.2,M1867,3
nm_003188.4,M1868,3
nm_001242397.2,M1869,3
nm_005982.4,M1870,3
nm_001278.5,M1871,3
nm_020997.4,M1872,3
nm_001185156.1,M1873,3
nm_001012631.3,M1874,3
nm_001353684.1,M1875,3
nm_001042355.2,M1876,3
nm_001012614.2,M1877,3
nm_001284230.1,M1878,3
nm_006166.4,M1879,3
nm_001004439.2,M1880,3
nm_001131010.4,M1881,3
nm_001281503.2,M1882,3
nm_003620.3,M1883,3
nm_001127392.3,M1884,3
nm_001308189.2,M1885,3
nm_003507.1,M1886,3
nm_001368707.1,M1887,3
nm_001301140.1,M1888,3
nm_001144774.3,M1889,3
nm_001081640.2,M1890,3
nm_001199797.2,M1891,3
nm_001131005.2,M1892,3
nm_001040875.3,M1893,3
nm_001301012.1,M1894,3
nm_001130082.3,M1895,3
nm_194249.3,M1896,3
nm_001967.4,M1897,3
nm_001270377.2,M1898,3
nm_001271003.2,M1899,3
nm_001111031.1,M1900,3
nm_001265.6,M1901,3
nm_001006639.2,M1902,3
nm_002419.4,M1903,3
nm_001301046.2,M1904,3
nm_004417.4,M1905,3
nm_003036.4,M1906,3
nm_001006610.2,M1907,3
nm_001363136.1,M1908,3
nm_001198777.2,M1909,3
nm_001042678.1,M1910,3
nm_002852.4,M1911,3
nm_001295.3,M1912,3
nm_001270433.2,M1913,3
nm_003927.5,M1914,3
nm_033131.4,M1915,3
nm_005221.6,M1916,3
nm_022064.5,M1917,3
nm_001288705.2,M1918,3
nm_003489.4,M1919,3
nm_178448.4,M1920,3
nm_001145811.2,M1921,3
nm_001322468.1,M1922,3
nm_001301063.2,M1923,3
nm_001139517.1,M1924,3
nm_001008709.2,M1925,3
nm_000792.7,M1926,3
nm_001292048.1,M1927,3
nm_001281504.2,M1928,3
nm_012296.3,M1929,3
nm_007212.4,M1930,3
nm_001282211.1,M1931,3
nm_003255.5,M1932,3
nm_001130046.2,M1933,3
nm_001136264.1,M1934,3
nm_001040153.3,M1935,3
nm_001164617.2,M1936,3
nm_181836.6,M1937,3
nm_006931.3,M1938,3
nm_005402.4,M1939,3
nm_001144878.1,M1940,3
nm_018036.7,M1941,3
nm_001025105.3,M1942,3
nm_003369.4,M1943,3
nm_001135726.3,M1944,3
nm_000151.4,M1945,3
nm_025217.4,M1946,3
nm_006099.3,M1947,3
nm_006196.4,M1948,3
nm_001142864.4,M1949,3
nm_001136017.3,M1950,3
nm_000189.4,M1951,3
nm_001135805.2,M1952,3
nm_001165903.2,M1953,3
nm_001318202.2,M1954,3
nm_014634.4,M1955,3
nm_007207.6,M1956,3
nm_001018060.3,M1957,3
nm_003749.3,M1958,3
nm_004093.3,M1959,3
nm_004444.5,M1960,3
nm_001106.4,M1961,3
nm_001453.3,M1962,3
nm_001242933.2,M1963,3
nm_005604.4,M1964,3
nm_003222.4,M1965,3
nm_001346743.2,M1966,3
nm_001145201.2,M1967,3
nm_005373.2,M1968,3
nm_001006665.2,M1969,3
nm_002444.3,M1970,3
nm_015356.5,M1971,3
nm_001146688.1,M1972,3
nm_018288.4,M1973,3
nm_006072.4,M1974,3
nm_000122.1,M1975,3
nm_005236.2,M1976,3
nm_001330333.2,M1977,3
nm_001321643.2,M1978,3
nm_015316.3,M1979,3
nm_002105.2,M1980,3
nm_002643.4,M1981,3
nm_000385.3,M1982,3
nm_001317384.2,M1983,3
nm_005178.5,M1984,3
nm_007051.3,M1985,3
nm_001254738.1,M1986,3
nm_002389.4,M1987,3
nm_006305.4,M1988,3
nm_001128844.2,M1989,3
nm_001137667.1,M1990,3
nm_016322.4,M1991,3
nm_001010972.2,M1992,3
nm_001354924.1,M1993,3
nm_001243879.2,M1994,3
nm_001300844.2,M1995,3
nm_012293.3,M1996,3
nm_001024808.3,M1997,3
nm_001001851.2,M1998,3
nm_001145155.2,M1999,3
nm_001289396.1,M2000,3
nm_001199745.2,M2001,3
nm_001286229.1,M2002,3
nm_001172509.2,M2003,3
nm_001278182.2,M2004,3
nm_001099285.1,M2005,3
nm_000270.3,M2006,3
nm_001193321.2,M2007,3
nm_000906.4,M2008,3
nm_001033030.2,M2009,3
nm_001077261.4,M2010,3
nm_001206747.2,M2011,3
nm_001945.3,M2012,3
nm_001243080.2,M2013,3
nm_001329394.2,M2014,3
nm_001195193.1,M2015,3
nm_005098.3,M2016,3
nm_001560.3,M2017,3
nm_001288729.1,M2018,3
nm_020529.2,M2019,3
nm_001170931.2,M2020,3
nm_021969.3,M2021,3
nm_001307939.1,M2022,3
nm_001199022.3,M2023,3
nm_001355028.2,M2024,3
nm_001282179.3,M2025,3
nm_001297714.2,M2026,3
nm_001008392.2,M2027,3
nm_001111045.1,M2028,3
nm_001448.3,M2029,3
nm_001282971.1,M2030,3
nm_006329.3,M2031,3
nm_001665.4,M2032,3
nm_001271769.2,M2033,3
nm_017555.1,M2034,3
nm_001242857.2,M2035,3
nm_001260492.1,M2036,3
nm_001018111.3,M2037,3
nm_001112800.1,M2038,3
nm_002010.3,M2039,3
nm_001048209.2,M2040,3
nm_001199427.2,M2041,3
nm_001330322.2,M2042,3
nm_003824.3,M2043,3
nm_001243466.2,M2044,3
nm_001030272.2,M2045,3
nm_001033059.1,M2046,3
nm_012383.5,M2047,3
nm_002990.5,M2048,3
nm_001013676.1,M2049,3
nm_001206.2,M2050,3
nm_004629.1,M2051,3
nm_001098504.2,M2052,3
nm_001199.4,M2053,3
nm_013384.3,M2054,3
nm_003026.4,M2055,3
nm_001008490.1,M2056,3
nm_001105.5,M2057,3
nm_001324504.2,M2058,3
nm_001282450.1,M2059,3
nm_001010935.2,M2060,3
nm_013254.4,M2061,3
nm_001304536.1,M2062,3
nm_002238.4,M2063,3
nm_001135699.1,M2064,3
nm_001166356.2,M2065,3
nm_001135241.2,M2066,3
nm_003641.4,M2067,3
nm_001267728.1,M2068,3
nm_002567.4,M2069,3
nm_006526.2,M2070,3
nm_001167740.2,M2071,3
nm_001164623.3,M2072,3
nm_001253387.1,M2073,3
nm_001317062.1,M2074,3
nm_012325.3,M2075,3
nm_001170765.2,M2076,3
nm_001319116.2,M2077,3
nm_152787.5,M2078,3
nm_002166.5,M2079,3
nm_194250.2,M2080,3
nm_001006946.1,M2081,3
nm_002293.4,M2082,3
nm_018660.3,M2083,3
nm_003299.3,M2084,3
nm_001136154.1,M2085,3
nm_001102654.2,M2086,3
nm_001012329.2,M2087,3
nm_015719.4,M2088,3
nm_001303103.1,M2089,3
nm_001134375.2,M2090,3
nm_015966.3,M2091,3
nm_025237.3,M2092,3
nm_005553.3,M2093,3
nm_001031695.4,M2094,3
nm_001146016.1,M2095,3
nm_001001787.1,M2096,3
nm_001014794.3,M2097,3
nm_198578.4,M2098,3
nm_002714.4,M2099,3
nm_001134778.2,M2100,3
nm_005022.3,M2101,3
nm_001244134.1,M2102,3
nm_001675.4,M2103,3
nm_001362770.2,M2104,3
nm_001168347.3,M2105,3
nm_001320996.1,M2106,3
nm_001308264.2,M2107,3
nm_001201404.3,M2108,3
nm_001256135.1,M2109,3
nm_005517.4,M2110,3
nm_001005845.1,M2111,3
nm_001302272.2,M2112,3
nm_001527.4,M2113,3
nm_005567.4,M2114,3
nm_001282546.2,M2115,3
nm_001006624.2,M2116,3
nm_001136139.4,M2117,3
nm_001452.2,M2118,3
nm_001242339.1,M2119,3
nm_006402.2,M2120,3
nm_001143935.2,M2121,3
nm_001142587.2,M2122,3
nm_005417.4,M2123,3
nm_003851.3,M2124,3
nm_016231.5,M2125,3
nm_002833.4,M2126,3
nm_001329137.1,M2127,3
nm_001330493.1,M2128,3
nm_005328.3,M2129,3
nm_006617.2,M2130,3
nm_001014831.3,M2131,3
nm_001365079.1,M2132,3
nm_001204300.1,M2133,3
nm_002814.4,M2134,3
nm_018154.3,M2135,3
nm_001256549.1,M2136,3
nm_001001691.1,M2137,3
nm_001017368.2,M2138,3
nm_001003712.2,M2139,3
nm_001270.2,M2140,3
nm_001243835.2,M2141,3
nm_006271.2,M2142,3
nm_006270.5,M2143,3
nm_003909.5,M2144,3
nm_003954.5,M2145,3
nm_001300780.2,M2146,3
nm_032852.4,M2147,3
nm_001321225.2,M2148,3
nm_001270439.2,M2149,3
nm_002165.4,M2150,3
nm_018292.5,M2151,3
nm_001114121.2,M2152,3
nm_001193416.3,M2153,3
nm_001282621.1,M2154,3
nm_001130713.2,M2155,3
nm_001775.4,M2156,3
nm_012309.4,M2157,3
nm_005461.5,M2158,3
nm_001304496.2,M2159,3
nm_001856.4,M2160,3
nm_002205.5,M2161,3
nm_021137.5,M2162,3
nm_001008541.1,M2163,3
nm_001003698.4,M2164,3
nm_001042.3,M2165,3
nm_001161725.1,M2166,3
nm_007348.4,M2167,3
nm_001433.5,M2168,3
nm_001258315.2,M2169,3
nm_001243120.1,M2170,3
nm_001267045.2,M2171,3
nm_001166293.2,M2172,3
nm_004232.4,M2173,3
nm_001063.4,M2174,3
nm_001243280.2,M2175,3
nm_001126050.2,M2176,3
nm_000944.5,M2177,3
nm_001202513.2,M2178,3
nm_173484.4,M2179,3
nm_001304482.2,M2180,3
nm_001300985.2,M2181,3
nm_001195563.2,M2182,3
nm_002819.5,M2183,3
nm_030625.3,M2184,3
nm_001008411.1,M2185,3
nm_001030055.2,M2186,3
nm_001099695.2,M2187,3
nm_016531.6,M2188,3
nm_014421.3,M2189,3
nm_001363864.1,M2190,3
nm_004301.5,M2191,3
nm_004164.3,M2192,3
nm_004675.4,M2193,3
nm_001227.5,M2194,3
nm_001320715.2,M2195,3
nm_001172663.1,M2196,3
nm_006418.5,M2197,3
nm_002473.5,M2198,3
nm_001134398.2,M2199,3
nm_001142601.2,M2200,3
nm_014550.4,M2201,3
nm_006710.5,M2202,3
nm_004428.3,M2203,3
nm_020861.3,M2204,3
nm_005953.5,M2205,3
nm_001896.4,M2206,3
nm_001318144.2,M2207,3
nm_001114172.1,M2208,3
nm_002114.4,M2209,3
nm_001048201.3,M2210,3
nm_001079533.2,M2211,3
nm_024870.4,M2212,3
nm_003225.3,M2213,3
nm_001190266.2,M2214,3
nm_001244871.1,M2215,3
nm_001172415.2,M2216,3
nm_003110.6,M2217,3
nm_012289.4,M2218,3
nm_001002026.3,M2219,3
nm_001024628.2,M2220,3
nm_015193.5,M2221,3
nm_001159352.2,M2222,3
nm_001127671.2,M2223,3
nm_001354250.2,M2224,3
nm_001329728.2,M2225,3
nm_178310.4,M2226,3
nm_001329906.1,M2227,3
nm_001270425.2,M2228,3
nm_030981.3,M2229,3
nm_001277783.2,M2230,3
nm_001206977.2,M2231,3
nm_001301228.1,M2232,3
nm_001199461.1,M2233,3
nm_001547.5,M2234,3
nm_001348076.2,M2235,3
nm_001126054.2,M2236,3
nm_001804.3,M2237,3
nm_001278785.2,M2238,3
nm_001271608.1,M2239,3
nm_001282659.1,M2240,3
nm_020673.3,M2241,3
nm_001142621.3,M2242,3
nm_001017926.2,M2243,3
nm_001085458.2,M2244,3
nm_003076.5,M2245,3
nm_001128324.2,M2246,3
nm_025248.3,M2247,3
nm_001079864.2,M2248,3
nm_020205.4,M2249,3
nm_001198622.1,M2250,3
nm_000116.5,M2251,3
nm_005270.4,M2252,3
nm_006043.2,M2253,3
nm_001281741.1,M2254,3
nm_006822.3,M2255,3
nm_014287.4,M2256,3
nm_001258461.1,M2257,3
nm_020433.4,M2258,3
nm_001127197.2,M2259,3
nm_003583.4,M2260,3
nm_006273.4,M2261,3
nm_004625.4,M2262,3
nm_001083588.2,M2263,3
nm_001370088.1,M2264,3
nm_014109.4,M2265,3
nm_001098515.1,M2266,3
nm_001281435.2,M2267,3
nm_001037334.2,M2268,3
nm_002193.4,M2269,3
nm_001367835.1,M2270,3
nm_001305424.2,M2271,3
nm_001201427.2,M2272,3
nm_001352500.2,M2273,3
nm_031439.4,M2274,3
nm_004367.5,M2275,3
nm_173794.4,M2276,3
nm_001291694.2,M2277,3
nm_006116.3,M2278,3
nm_005431.2,M2279,3
nm_001135255.2,M2280,3
nm_001330491.2,M2281,3
nm_001318509.2,M2282,3
nm_002616.3,M2283,3
nm_032777.10,M2284,3
nm_001284274.2,M2285,3
nm_004161.5,M2286,3
nm_004329.2,M2287,3
nm_001330120.2,M2288,3
nm_004326.4,M2289,3
nm_001085454.2,M2290,3
nm_001164269.2,M2291,3
nm_000704.3,M2292,3
nm_001243108.2,M2293,3
nm_005244.5,M2294,3
nm_001204182.1,M2295,3
nm_001190807.3,M2296,3
nm_014220.3,M2297,3
nm_015130.3,M2298,3
nm_014729.3,M2299,3
nm_022780.4,M2300,3
nm_001134999.1,M2301,3
nm_001323608.2,M2302,3
nm_001282382.1,M2303,3
nm_001060.5,M2304,3
nm_002358.4,M2305,3
nm_001199847.2,M2306,3
nm_022337.3,M2307,3
nm_003218.4,M2308,3
nm_001318875.1,M2309,3
nm_001039590.3,M2310,3
nm_001289999.1,M2311,3
nm_001088.3,M2312,3
nm_007050.6,M2313,3
nm_001018056.3,M2314,3
nm_080927.4,M2315,3
nm_001256317.2,M2316,3
nm_001145001.2,M2317,3
nm_001289003.1,M2318,3
nm_001002032.3,M2319,3
nm_018143.3,M2320,3
nm_001366712.1,M2321,3
nm_014999.4,M2322,3
nm_002867.4,M2323,3
nm_021784.4,M2324,3
nm_022454.4,M2325,3
nm_001256850.1,M2326,3
nm_001286708.1,M2327,3
nm_001136000.3,M2328,3
nm_001206389.1,M2329,3
nm_004869.4,M2330,3
nm_001546.4,M2331,3
nm_001256410.1,M2332,3
nm_001278666.1,M2333,3
nm_001317734.2,M2334,3
nm_001145661.2,M2335,3
nm_001322802.2,M2336,3
nm_000233.4,M2337,3
nm_001175.7,M2338,3
nm_001146029.3,M2339,3
nm_001012994.2,M2340,3
nm_005499.3,M2341,3
nm_001136257.1,M2342,3
nm_006902.5,M2343,3
nm_001013253.2,M2344,3
nm_021138.4,M2345,3
nm_153213.5,M2346,3
nm_022143.5,M2347,3
nm_001142393.1,M2348,3
nm_001271068.1,M2349,3
nm_001167671.2,M2350,3
nm_001202431.1,M2351,3
nm_001102396.2,M2352,3
nm_012406.4,M2353,3
nm_003818.4,M2354,3
nm_001198608.1,M2355,3
nm_001007278.3,M2356,3
nm_014840.2,M2357,3
nm_018948.4,M2358,3
nm_001134419.1,M2359,3
nm_001135242.2,M2360,3
nm_001164746.2,M2361,3
nm_014062.3,M2362,3
nm_001252385.1,M2363,3
nm_002353.3,M2364,3
nm_001369369.1,M2365,3
nm_015447.4,M2366,3
nm_001323281.2,M2367,3
nm_001288976.2,M2368,3
nm_001318859.2,M2369,3
nm_001001132.2,M2370,3
nm_001321378.2,M2371,3
nm_006364.4,M2372,3
nm_001025160.2,M2373,3
nm_001301128.2,M2374,3
nm_002048.3,M2375,3
nm_001271893.4,M2376,3
nm_005857.5,M2377,3
nm_004295.4,M2378,3
nm_002983.3,M2379,3
nm_002089.4,M2380,3
nm_005996.4,M2381,3
nm_001320730.1,M2382,3
nm_001301007.2,M2383,3
nm_004466.6,M2384,3
nm_005727.4,M2385,3
nm_001128219.3,M2386,3
nm_001130688.1,M2387,3
nm_014390.4,M2388,3
nm_001098416.4,M2389,3
nm_001042539.3,M2390,3
nm_001017406.1,M2391,3
nm_001304840.3,M2392,3
nm_001009552.2,M2393,3
nm_001193397.1,M2394,3
nm_005346.5,M2395,3
nm_001841.3,M2396,3
nm_001290184.2,M2397,3
nm_001352385.2,M2398,3
nm_000111.2,M2399,3
nm_001203.3,M2400,3
nm_001718.6,M2401,3
nm_021973.3,M2402,3
nm_001301167.2,M2403,3
nm_001080424.2,M2404,3
nm_013438.5,M2405,3
nm_005561.4,M2406,3
nm_006161.3,M2407,3
nm_004316.4,M2408,3
nm_001301668.2,M2409,3
nm_021205.6,M2410,3
nm_001318031.2,M2411,3
nm_023067.4,M2412,3
nm_012193.4,M2413,3
nm_003391.3,M2414,3
nm_001204426.2,M2415,3
nm_001008222.3,M2416,3
nm_001173539.2,M2417,3
nm_004441.5,M2418,3
nm_002241.5,M2419,3
nm_001306142.2,M2420,3
nm_001207014.2,M2421,3
nm_001276453.2,M2422,3
nm_020122.5,M2423,3
nm_001362884.2,M2424,3
nm_012329.3,M2425,3
nm_001251877.2,M2426,3
nm_006015.6,M2427,3
nm_001042555.3,M2428,3
nm_004947.5,M2429,3
nm_001098517.2,M2430,3
nm_001114182.2,M2431,3
nm_014372.5,M2432,3
nm_001329938.2,M2433,3
nm_016205.3,M2434,3
nm_002607.5,M2435,3
nm_032211.7,M2436,3
nm_002318.3,M2437,3
nm_000210.4,M2438,3
nm_001731.3,M2439,3
nm_001317990.2,M2440,3
nm_001178078.2,M2441,3
nm_001024226.1,M2442,3
nm_001316327.2,M2443,3
nm_004120.5,M2444,3
nm_003013.3,M2445,3
nm_001098520.1,M2446,3
nm_001977.4,M2447,3
nm_001080497.3,M2448,3
nm_013283.5,M2449,3
nm_005911.6,M2450,3
nm_001243013.2,M2451,3
nm_001121.4,M2452,3
nm_003407.5,M2453,3
nm_005633.3,M2454,3
nm_001039469.2,M2455,3
nm_001284282.2,M2456,3
nm_000408.5,M2457,3
nm_001064.4,M2458,3
nm_001304451.2,M2459,3
nm_000019.4,M2460,3
nm_001242463.2,M2461,3
nm_032546.4,M2462,3
nm_001348258.1,M2463,3
nm_006097.5,M2464,3
nm_016459.4,M2465,3
nm_018518.5,M2466,3
nm_000511.6,M2467,3
nm_001283041.2,M2468,3
nm_001242359.2,M2469,3
nm_002581.5,M2470,3
nm_001160423.2,M2471,3
nm_001330125.1,M2472,3
nm_000092.4,M2473,3
nm_001291880.1,M2474,3
nm_002161.5,M2475,3
nm_001134285.3,M2476,3
nm_001256335.1,M2477,3
nm_001317122.1,M2478,3
nm_001145648.2,M2479,3
nm_001025.5,M2480,3
nm_000381.3,M2481,3
nm_001317231.1,M2482,3
nm_001367810.1,M2483,3
nm_024015.5,M2484,3
nm_001025252.3,M2485,3
nm_001003810.1,M2486,3
nm_006289.4,M2487,3
nm_001143836.3,M2488,3
nm_001286790.2,M2489,3
nm_001256012.2,M2490,3
nm_001271606.1,M2491,3
nm_001663.4,M2492,3
nm_001267033.2,M2493,3
nm_015906.4,M2494,3
nm_001275.4,M2495,3
nm_006261.4,M2496,3
nm_001134851.4,M2497,3
nm_006496.4,M2498,3
nm_018416.3,M2499,3
nm_001199741.2,M2500,3
nm_001142407.3,M2501,3
nm_001277961.1,M2502,3
nm_001258.2,M2503,3
nm_017413.5,M2504,3
nm_001308248.1,M2505,3
nm_004841.4,M2506,3
nm_006084.5,M2507,3
nm_003213.4,M2508,3
nm_001267594.2,M2509,3
nm_006842.3,M2510,3
nm_001111270.3,M2511,3
nm_003979.3,M2512,3
nm_014289.4,M2513,3
nm_001198783.2,M2514,3
nm_001321786.1,M2515,3
nm_001005743.1,M2516,3
nm_001330206.1,M2517,3
nm_001134473.3,M2518,3
nm_001083617.1,M2519,3
nm_003014.4,M2520,3
nm_003374.3,M2521,3
nm_133459.4,M2522,3
nm_006645.2,M2523,3
nm_020998.3,M2524,3
nm_147156.4,M2525,3
nm_021818.4,M2526,3
nm_001008895.4,M2527,3
nm_001314057.2,M2528,3
nm_001170701.2,M2529,3
nm_014671.3,M2530,3
nm_001005340.2,M2531,3
nm_001114634.2,M2532,3
nm_006564.2,M2533,3
nm_001330382.2,M2534,3
nm_001143775.2,M2535,3
nm_001261427.2,M2536,3
nm_001394.7,M2537,3
nm_001291812.1,M2538,3
nm_001496.4,M2539,3
nm_001142610.2,M2540,3
nm_001356429.2,M2541,3
nm_005313.5,M2542,3
nm_001173452.2,M2543,3
nm_001033910.3,M2544,3
nm_001033581.2,M2545,3
nm_019074.4,M2546,3
nm_014706.4,M2547,3
nm_001271834.1,M2548,3
nm_001011666.3,M2549,3
nm_012098.3,M2550,3
nm_001270406.2,M2551,3
nm_001270782.1,M2552,3
nm_001367830.1,M2553,3
nm_001122606.1,M2554,3
nm_007217.4,M2555,3
nm_005668.6,M2556,3
nm_001330163.2,M2557,3
nm_021801.4,M2558,3
nm_007359.5,M2559,3
nm_022051.2,M2560,3
nm_006461.4,M2561,3
nm_005479.4,M2562,3
nm_000183.3,M2563,3
nm_001270467.2,M2564,3
nm_001003962.3,M2565,3
nm_001261816.2,M2566,3
nm_001291958.1,M2567,3
nm_001317860.1,M2568,3
nm_004094.5,M2569,3
nm_001161527.2,M2570,3
nm_001276464.1,M2571,3
nm_001363730.2,M2572,3
nm_001135239.1,M2573,3
nm_001142805.2,M2574,3
nm_004163.4,M2575,3
nm_004386.3,M2576,3
nm_005159.5,M2577,3
nm_054027.6,M2578,3
nm_001080975.2,M2579,3
nm_002612.4,M2580,3
nm_001171132.3,M2581,3
nm_001303137.2,M2582,3
nm_015627.2,M2583,3
nm_002187.2,M2584,3
nm_005188.3,M2585,3
nm_001006944.2,M2586,3
nm_000353.3,M2587,3
nm_001301212.2,M2588,3
nm_015057.5,M2589,3
nm_003015.3,M2590,3
nm_007365.3,M2591,3
nm_001330161.2,M2592,3
nm_033260.4,M2593,3
nm_002928.4,M2594,3
nm_002199.4,M2595,3
nm_007249.4,M2596,3
nm_001206999.2,M2597,3
nm_001256339.1,M2598,3
nm_001040668.1,M2599,3
nm_001291902.2,M2600,3
nm_022159.4,M2601,3
nm_001130527.3,M2602,3
nm_001346870.1,M2603,3
nm_014011.4,M2604,3
nm_001288585.2,M2605,3
nm_001077440.1,M2606,3
nm_197956.4,M2607,3
nm_001144925.2,M2608,3
nm_001313972.2,M2609,3
nm_021101.5,M2610,3
nm_020390.6,M2611,3
nm_001308123.2,M2612,3
nm_001497.3,M2613,3
nm_001363598.2,M2614,3
nm_001366390.2,M2615,3
nm_001204878.2,M2616,3
nm_015141.3,M2617,3
nm_001278463.1,M2618,3
nm_030916.3,M2619,3
nm_001166425.2,M2620,3
nm_001170460.1,M2621,3
nm_001320611.1,M2622,3
nm_001286106.1,M2623,3
nm_006761.5,M2624,3
nm_001281716.1,M2625,3
nm_014079.4,M2626,3
nm_003033.4,M2627,3
nm_004580.5,M2628,3
nm_000596.4,M2629,3
nm_001660.4,M2630,3
nm_001314042.1,M2631,3
nm_004905.3,M2632,3
nm_000933.3,M2633,3
nm_177424.3,M2634,3
nm_002250.3,M2635,3
nm_006837.3,M2636,3
nm_001366519.1,M2637,3
nm_001193286.1,M2638,3
nm_001254.4,M2639,3
nm_017553.3,M2640,3
nm_001204519.2,M2641,3
nm_030761.5,M2642,3
nm_197941.4,M2643,3
nm_001159296.2,M2644,3
nm_001002021.3,M2645,3
nm_001083592.2,M2646,3
nm_001330170.2,M2647,3
nm_001111307.2,M2648,3
nm_004140.4,M2649,3
nm_001040876.2,M2650,3
nm_001204510.2,M2651,3
nm_001781.2,M2652,3
nm_001201480.2,M2653,3
nm_012479.4,M2654,3
nm_001290223.1,M2655,3
nm_001286258.1,M2656,3
nm_001134709.2,M2657,3
nm_001202858.2,M2658,3
nm_001308022.1,M2659,3
nm_001271821.2,M2660,3
nm_001184740.2,M2661,3
nm_001224.4,M2662,3
nm_000917.3,M2663,3
nm_001079874.2,M2664,3
nm_001172.4,M2665,3
nm_001256119.2,M2666,3
nm_003463.4,M2667,3
nm_001291746.2,M2668,3
nm_003335.3,M2669,3
nm_001144999.2,M2670,3
nm_032552.3,M2671,3
nm_018012.4,M2672,3
nm_005765.3,M2673,3
nm_001427.4,M2674,3
nm_003901.4,M2675,3
nm_033119.5,M2676,3
nm_002033.3,M2677,3
nm_020726.5,M2678,3
nm_020451.3,M2679,3
nm_001031804.3,M2680,3
nm_001130081.3,M2681,3
nm_130786.4,M2682,3
nm_001130040.2,M2683,3
nm_000675.6,M2684,3
nm_001242779.1,M2685,3
nm_001308392.2,M2686,3
nm_001330450.2,M2687,3
nm_001025076.2,M2688,3
nm_006264.3,M2689,3
nm_007085.5,M2690,3
nm_019852.5,M2691,3
nm_001079.3,M2692,3
nm_006255.4,M2693,3
nm_000597.3,M2694,3
nm_005171.5,M2695,3
nm_000173.7,M2696,3
nm_000557.5,M2697,3
nm_001127660.1,M2698,3
nm_001008495.4,M2699,3
nm_001145399.2,M2700,3
nm_013436.5,M2701,3
nm_001018837.2,M2702,3
nm_001190274.1,M2703,3
nm_001083914.3,M2704,3
nm_006547.3,M2705,3
nm_030763.3,M2706,3
nm_001320833.2,M2707,3
nm_031407.7,M2708,3
nm_001005366.2,M2709,3
nm_001270691.1,M2710,3
nm_005191.4,M2711,3
nm_001355120.2,M2712,3
nm_000434.4,M2713,3
nm_001164615.2,M2714,3
nm_002263.4,M2715,3
nm_001098424.1,M2716,3
nm_001145645.2,M2717,3
nm_001287031.1,M2718,3
nm_001916.5,M2719,3
nm_005067.7,M2720,3
nm_001114091.4,M2721,3
nm_001039348.3,M2722,3
nm_001288653.1,M2723,3
nm_001293298.2,M2724,3
nm_004354.3,M2725,3
nm_001172766.3,M2726,3
nm_001080779.2,M2727,3
nm_001130438.3,M2728,3
nm_001204813.1,M2729,3
nm_001040110.1,M2730,3
nm_001256405.2,M2731,3
nm_182757.3,M2732,3
nm_001283012.1,M2733,3
nm_001143985.1,M2734,3
nm_001002243.3,M2735,3
nm_001002881.1,M2736,3
nm_001258038.2,M2737,3
nm_002442.4,M2738,3
nm_001145838.1,M2739,3
nm_001206833.2,M2740,3
nm_001370192.1,M2741,3
nm_001301029.2,M2742,3
nm_033550.4,M2743,3
nm_003714.2,M2744,3
nm_016538.3,M2745,3
nm_001002264.4,M2746,3
nm_007028.5,M2747,3
nm_014507.3,M2748,3
nm_000860.6,M2749,3
nm_004281.3,M2750,3
nm_001122824.2,M2751,3
nm_001252036.1,M2752,3
nm_001029989.3,M2753,3
nm_001206998.2,M2754,3
nm_001244937.3,M2755,3
nm_005253.4,M2756,3
nm_001276260.2,M2757,3
nm_001008530.3,M2758,3
nm_002457.4,M2759,3
nm_001014809.3,M2760,3
nm_145214.3,M2761,3
nm_001001924.2,M2762,3
nm_025235.4,M2763,3
nm_000916.3,M2764,3
nm_001007067.1,M2765,3
nm_145808.4,M2766,3
nm_000841.4,M2767,3
nm_001321287.1,M2768,3
nm_001572.5,M2769,3
nm_001134774.1,M2770,3
nm_005683.4,M2771,3
nm_006898.4,M2772,3
nm_001142505.1,M2773,3
nm_014415.4,M2774,3
nm_014765.3,M2775,3
nm_001122835.3,M2776,3
nm_017902.3,M2777,3
nm_000942.4,M2778,3
nm_001354849.1,M2779,3
nm_001177998.2,M2780,3
nm_003852.4,M2781,3
nm_001101669.2,M2782,3
nm_001077654.3,M2783,3
nm_022789.3,M2784,3
nm_005257.5,M2785,3
nm_001164271.1,M2786,3
nm_001261824.1,M2787,3
nm_001191322.2,M2788,3
nm_001105077.3,M2789,3
nm_004799.3,M2790,3
nm_001330552.2,M2791,3
nm_001196.3,M2792,3
nm_001039711.1,M2793,3
nm_004092.4,M2794,3
nm_001261400.3,M2795,3
nm_001294332.1,M2796,3
nm_001363548.1,M2797,3
nm_001318491.2,M2798,3
nm_015891.3,M2799,3
nm_001308133.2,M2800,3
nm_001040152.2,M2801,3
nm_001079673.2,M2802,3
nm_001003656.1,M2803,3
nm_004095.4,M2804,3
nm_000143.3,M2805,3
nm_004907.3,M2806,3
nm_002136.4,M2807,3
nm_003774.5,M2808,3
nm_013302.4,M2809,3
nm_017789.5,M2810,3
nm_001018057.1,M2811,3
nm_001007071.1,M2812,3
nm_017670.2,M2813,3
nm_022462.4,M2814,3
nm_018043.6,M2815,3
nm_001541.4,M2816,3
nm_001351508.2,M2817,3
nm_022153.2,M2818,3
nm_001130991.3,M2819,3
nm_001345950.1,M2820,3
nm_031437.1,M2821,3
nm_001370093.1,M2822,3
nm_001323552.2,M2823,3
nm_001020818.2,M2824,3
nm_022130.4,M2825,3
nm_033049.4,M2826,3
nm_001098482.2,M2827,3
nm_001177355.3,M2828,3
nm_001306191.1,M2829,3
nm_001324069.2,M2830,3
nm_001170794.1,M2831,3
nm_000144.5,M2832,3
nm_003235.5,M2833,3
nm_001001549.2,M2834,3
nm_001278945.2,M2835,3
nm_001319210.2,M2836,3
nm_001143783.1,M2837,3
nm_012083.3,M2838,3
nm_001293197.2,M2839,3
nm_001104631.2,M2840,3
nm_001303241.2,M2841,3
nm_001172771.2,M2842,3
nm_007013.4,M2843,3
nm_005456.4,M2844,3
nm_005401.5,M2845,3
nm_006785.4,M2846,3
nm_001330311.2,M2847,3
nm_004525.3,M2848,3
nm_002653.5,M2849,3
nm_021149.4,M2850,3
nm_001033578.3,M2851,3
nm_001137673.2,M2852,3
nm_016343.4,M2853,3
nm_001323303.2,M2854,3
nm_001800.4,M2855,3
nm_001173984.3,M2856,3
nm_198447.2,M2857,3
nm_002489.4,M2858,3
nm_000965.4,M2859,3
nm_001006612.2,M2860,3
nm_000599.4,M2861,3
nm_020341.4,M2862,3
nm_002204.4,M2863,3
nm_001321309.2,M2864,3
nm_001166418.2,M2865,3
nm_001113178.3,M2866,3
nm_000539.3,M2867,3
nm_003940.3,M2868,3
nm_000503.6,M2869,3
nm_032409.3,M2870,3
nm_001202233.1,M2871,3
nm_001031677.4,M2872,3
nm_001322963.2,M2873,3
nm_000935.2,M2874,3
nm_004555.4,M2875,3
nm_004480.4,M2876,3
nm_001098477.1,M2877,3
nm_014924.4,M2878,3
nm_001206836.2,M2879,3
nm_001146702.1,M2880,3
nm_001255976.2,M2881,3
nm_001130715.2,M2882,3
nm_176870.3,M2883,3
nm_001308253.1,M2884,3
nm_001765.3,M2885,3
nm_001096.3,M2886,3
nm_001348729.2,M2887,3
nm_013324.6,M2888,3
nm_005940.5,M2889,3
nm_004852.3,M2890,3
nm_001330069.2,M2891,3
nm_016252.3,M2892,3
nm_001142287.1,M2893,3
nm_001128210.2,M2894,3
nm_025216.3,M2895,3
nm_001303618.2,M2896,3
nm_001271142.1,M2897,3
nm_001001852.4,M2898,3
nm_001130067.2,M2899,3
nm_006265.2,M2900,3
nm_006158.4,M2901,3
nm_001177562.2,M2902,3
nm_001135934.2,M2903,3
nm_001958.4,M2904,3
nm_002577.4,M2905,3
nm_003565.3,M2906,3
nm_016639.3,M2907,3
nm_006427.4,M2908,3
nm_005195.4,M2909,3
nm_005761.3,M2910,3
nm_001280796.2,M2911,3
nm_001276717.1,M2912,3
nm_001253676.1,M2913,3
nm_001313905.1,M2914,3
nm_001105529.1,M2915,3
nm_001015048.2,M2916,3
nm_001285829.1,M2917,3
nm_003047.5,M2918,3
nm_147128.4,M2919,3
nm_001195415.1,M2920,3
nm_001032280.3,M2921,3
nm_003146.3,M2922,3
nm_138435.4,M2923,3
nm_001330384.2,M2924,3
nm_001323550.2,M2925,3
nm_002478.5,M2926,3
nm_003643.4,M2927,3
nm_014323.3,M2928,3
nm_000110.3,M2929,3
nm_001558.3,M2930,3
nm_003247.3,M2931,3
nm_001168393.2,M2932,3
nm_005652.5,M2933,3
nm_001198695.2,M2934,3
nm_001005476.3,M2935,3
nm_001127394.4,M2936,3
nm_001363577.2,M2937,3
nm_002507.4,M2938,3
nm_004621.6,M2939,3
nm_001364614.2,M2940,3
nm_001277061.2,M2941,3
nm_006260.5,M2942,3
nm_175061.4,M2943,3
nm_014906.5,M2944,3
nm_001282161.2,M2945,3
nm_001025079.1,M2946,3
nm_003750.4,M2947,3
nm_001146108.2,M2948,3
nm_001271833.1,M2949,3
nm_001010938.2,M2950,3
nm_001015053.2,M2951,3
nm_001195728.3,M2952,3
nm_002107.6,M2953,3
nm_002590.4,M2954,3
nm_000397.3,M2955,3
nm_004103.4,M2956,3
nm_003844.4,M2957,3
nm_001099268.1,M2958,3
nm_001304441.2,M2959,3
nm_001278710.1,M2960,3
nm_005746.3,M2961,3
nm_004586.3,M2962,3
nm_001244974.2,M2963,3
nm_000453.3,M2964,3
nm_000880.4,M2965,3
nm_002039.4,M2966,3
nm_001144.6,M2967,3
nm_001285389.2,M2968,3
nm_001276457.1,M2969,3
nm_001134224.1,M2970,3
nm_001002837.2,M2971,3
nm_006291.3,M2972,3
nm_002268.5,M2973,3
nm_000316.3,M2974,3
nm_007274.3,M2975,3
nm_001710.5,M2976,3
nm_001130969.1,M2977,3
nm_005224.3,M2978,3
nm_001346432.1,M2979,3
nm_015276.2,M2980,3
nm_001367089.1,M2981,3
nm_006510.5,M2982,3
nm_003701.4,M2983,3
nm_001367713.1,M2984,3
nm_002646.3,M2985,3
nm_032271.3,M2986,3
nm_016087.2,M2987,3
nm_001017440.3,M2988,3
nm_001204456.2,M2989,3
nm_001159651.1,M2990,3
nm_001303460.2,M2991,3
nm_021632.4,M2992,3
nm_015204.3,M2993,3
nm_001007277.1,M2994,3
nm_001165255.1,M2995,3
nm_001321560.2,M2996,3
nm_000148.3,M2997,3
nm_001256310.2,M2998,3
nm_145051.3,M2999,3
nm_001018067.2,M3000,3
nm_006003.3,M3001,3
nm_001080395.3,M3002,3
nm_001131008.2,M3003,3
nm_016131.5,M3004,3
nm_001199775.1,M3005,3
nm_001130064.2,M3006,3
nm_001024957.2,M3007,3
nm_001349881.1,M3008,3
nm_198580.3,M3009,3
nm_001162383.2,M3010,3
nm_023038.3,M3011,3
nm_001350074.2,M3012,3
nm_001165979.2,M3013,3
nm_021033.7,M3014,3
nm_001199080.3,M3015,3
nm_001167827.3,M3016,3
nm_001077198.3,M3017,3
nm_001258214.1,M3018,3
nm_001126336.3,M3019,3
nm_001084.5,M3020,3
nm_001256126.2,M3021,3
nm_001271878.2,M3022,3
nm_002164.6,M3023,3
